{
  "properties": {
    "connectionReferences": {
      "shared_msdemo-5fexcelhelper-5f6a862d4d42398014_1": {
        "runtimeSource": "invoker",
        "connection": {
          "connectionReferenceLogicalName": "msdemo_DemoExcelHelper"
        },
        "api": {
          "name": "shared_msdemo-5fexcelhelper-5f6a862d4d42398014",
          "logicalName": "msdemo_excelhelper"
        }
      }
    },
    "definition": {
      "$schema": "https://schema.management.azure.com/providers/Microsoft.Logic/schemas/2016-06-01/workflowdefinition.json#",
      "contentVersion": "1.0.0.0",
      "parameters": {
        "$connections": {
          "defaultValue": {},
          "type": "Object"
        },
        "$authentication": {
          "defaultValue": {},
          "type": "SecureObject"
        }
      },
      "triggers": {
        "manual": {
          "metadata": {
            "operationMetadataId": "609536aa-3c86-43da-aabf-20905ae3f469"
          },
          "type": "Request",
          "kind": "Button",
          "inputs": {
            "schema": {
              "type": "object",
              "properties": {},
              "required": []
            }
          }
        }
      },
      "actions": {
        "Config": {
          "runAfter": {},
          "metadata": {
            "operationMetadataId": "f4d22f65-8cf5-462a-84c1-3b28db93b83f"
          },
          "type": "Compose",
          "inputs": {
            "siteid": "crm104921.sharepoint.com,d1178d1f-ce91-455a-9dec-f3bd57fcd77c,09ab8ced-cb24-49ee-b722-3899ec63695a",
            "driveid": "b!H40X0ZHOWkWd7PO9V_zXfO2Mqwkky-5JtyI4mexjaVoZigJGRGcVSLn1TdzBX6Zc",
            "fileid": "01L4VBSNSWDYWUKJKQUREZR3IEBMQZIHAU"
          }
        },
        "Validate_Sheet": {
          "actions": {
            "Get_Worksheets": {
              "runAfter": {},
              "metadata": {
                "operationMetadataId": "fbcaa908-f7e2-457c-bc03-f9788a28510c"
              },
              "type": "OpenApiConnection",
              "inputs": {
                "host": {
                  "connectionName": "shared_msdemo-5fexcelhelper-5f6a862d4d42398014_1",
                  "operationId": "GetWorksheets",
                  "apiId": "/providers/Microsoft.PowerApps/apis/shared_msdemo-5fexcelhelper-5f6a862d4d42398014"
                },
                "parameters": {
                  "siteId": "@outputs('Config')['siteid']",
                  "driveId": "@outputs('Config')['driveid']",
                  "itemId": "@outputs('Config')['fileid']",
                  "workbook-session-id": "@variables('varExcelSessionId')"
                },
                "authentication": {
                  "type": "Raw",
                  "value": "@json(decodeBase64(triggerOutputs().headers['X-MS-APIM-Tokens']))['$ConnectionKey']"
                }
              }
            },
            "If_only_1_sheet_named_Sheet1_exists": {
              "actions": {
                "Worksheet_validation_success": {
                  "runAfter": {},
                  "metadata": {
                    "operationMetadataId": "1b39aeaf-80f9-40bc-be9b-4d83f852f897"
                  },
                  "type": "AppendToArrayVariable",
                  "inputs": {
                    "name": "varValidations",
                    "value": {
                      "Validation": "Must have only 1 worksheet and it is named 'Sheet1'",
                      "Result": true
                    }
                  }
                },
                "Get_Used_Range": {
                  "runAfter": {
                    "Worksheet_validation_success": [
                      "Succeeded"
                    ]
                  },
                  "metadata": {
                    "operationMetadataId": "8ca9045d-7682-4051-948f-d4994373d9e7"
                  },
                  "type": "OpenApiConnection",
                  "inputs": {
                    "host": {
                      "connectionName": "shared_msdemo-5fexcelhelper-5f6a862d4d42398014_1",
                      "operationId": "GetUsedRange",
                      "apiId": "/providers/Microsoft.PowerApps/apis/shared_msdemo-5fexcelhelper-5f6a862d4d42398014"
                    },
                    "parameters": {
                      "siteId": "@outputs('Config')['siteid']",
                      "driveId": "@outputs('Config')['driveid']",
                      "itemId": "@outputs('Config')['fileid']",
                      "sheetName": "Sheet1",
                      "workbook-session-id": "@variables('varExcelSessionId')"
                    },
                    "authentication": {
                      "type": "Raw",
                      "value": "@json(decodeBase64(triggerOutputs().headers['X-MS-APIM-Tokens']))['$ConnectionKey']"
                    }
                  }
                },
                "Get_Rows": {
                  "runAfter": {
                    "TotalRows": [
                      "Succeeded"
                    ]
                  },
                  "metadata": {
                    "operationMetadataId": "4afa7a4a-4e6a-4002-9f96-35ba8b42b581"
                  },
                  "type": "OpenApiConnection",
                  "inputs": {
                    "host": {
                      "connectionName": "shared_msdemo-5fexcelhelper-5f6a862d4d42398014_1",
                      "operationId": "GetRows",
                      "apiId": "/providers/Microsoft.PowerApps/apis/shared_msdemo-5fexcelhelper-5f6a862d4d42398014"
                    },
                    "parameters": {
                      "workbook-session-id": "@variables('varExcelSessionId')",
                      "siteId": "@outputs('Config')['siteid']",
                      "driveId": "@outputs('Config')['driveid']",
                      "itemId": "@outputs('Config')['fileid']",
                      "sheetName": "Sheet1",
                      "address": "@last(split(outputs('Get_Used_Range')?['body/address'],'!'))"
                    },
                    "authentication": {
                      "type": "Raw",
                      "value": "@json(decodeBase64(triggerOutputs().headers['X-MS-APIM-Tokens']))['$ConnectionKey']"
                    }
                  }
                },
                "TotalRows": {
                  "runAfter": {
                    "Get_Used_Range": [
                      "Succeeded"
                    ]
                  },
                  "metadata": {
                    "operationMetadataId": "4cfe7aca-c3e5-4ae8-b383-8c683251d233"
                  },
                  "type": "Compose",
                  "inputs": "@sub(div(outputs('Get_Used_Range')?['body/cellCount'],outputs('Get_Used_Range')?['body/columnCount']),1)"
                },
                "Data": {
                  "runAfter": {
                    "Get_Rows": [
                      "Succeeded"
                    ]
                  },
                  "metadata": {
                    "operationMetadataId": "8f38464c-4afe-4d39-86c6-31403fa4e927"
                  },
                  "type": "Compose",
                  "inputs": "@skip(body('Get_Rows')['text'],1)",
                  "description": "Skip first row as headers"
                },
                "Validate_AccNumber_is_16_chars": {
                  "runAfter": {
                    "Data": [
                      "Succeeded"
                    ]
                  },
                  "metadata": {
                    "operationMetadataId": "e08bf58c-5411-4258-b523-95c7ef6d4977"
                  },
                  "type": "OpenApiConnection",
                  "inputs": {
                    "host": {
                      "connectionName": "shared_msdemo-5fexcelhelper-5f6a862d4d42398014_1",
                      "operationId": "ValidateDataRegex",
                      "apiId": "/providers/Microsoft.PowerApps/apis/shared_msdemo-5fexcelhelper-5f6a862d4d42398014"
                    },
                    "parameters": {
                      "Regex": "^[a-zA-Z0-9]{16}$",
                      "FirstCellAddress": "B3",
                      "body": "@outputs('Data')",
                      "ColumnIndex": 0
                    },
                    "authentication": {
                      "type": "Raw",
                      "value": "@json(decodeBase64(triggerOutputs().headers['X-MS-APIM-Tokens']))['$ConnectionKey']"
                    },
                    "retryPolicy": {
                      "type": "none"
                    }
                  }
                },
                "Validate_no_empty_cells": {
                  "runAfter": {
                    "Data": [
                      "Succeeded"
                    ]
                  },
                  "metadata": {
                    "operationMetadataId": "95ea0887-3312-43c1-8353-cd52d9b65dc3"
                  },
                  "type": "OpenApiConnection",
                  "inputs": {
                    "host": {
                      "connectionName": "shared_msdemo-5fexcelhelper-5f6a862d4d42398014_1",
                      "operationId": "ValidateDataRegex",
                      "apiId": "/providers/Microsoft.PowerApps/apis/shared_msdemo-5fexcelhelper-5f6a862d4d42398014"
                    },
                    "parameters": {
                      "Regex": "^.+$",
                      "FirstCellAddress": "B3",
                      "body": "@outputs('Data')"
                    },
                    "authentication": {
                      "type": "Raw",
                      "value": "@json(decodeBase64(triggerOutputs().headers['X-MS-APIM-Tokens']))['$ConnectionKey']"
                    }
                  }
                },
                "Check_for_duplicates": {
                  "runAfter": {
                    "Data": [
                      "Succeeded"
                    ]
                  },
                  "metadata": {
                    "operationMetadataId": "5aff0938-dba9-49bc-aeb9-e553daf5f491"
                  },
                  "type": "OpenApiConnection",
                  "inputs": {
                    "host": {
                      "connectionName": "shared_msdemo-5fexcelhelper-5f6a862d4d42398014_1",
                      "operationId": "FindDuplicates",
                      "apiId": "/providers/Microsoft.PowerApps/apis/shared_msdemo-5fexcelhelper-5f6a862d4d42398014"
                    },
                    "parameters": {
                      "FirstCellAddress": "B2",
                      "ColumnIndex": 0,
                      "CaseSensitive": true,
                      "body": "@outputs('Data')"
                    },
                    "authentication": {
                      "type": "Raw",
                      "value": "@json(decodeBase64(triggerOutputs().headers['X-MS-APIM-Tokens']))['$ConnectionKey']"
                    }
                  }
                }
              },
              "runAfter": {
                "Get_Worksheets": [
                  "Succeeded"
                ]
              },
              "else": {
                "actions": {
                  "Worksheet_validation_failed": {
                    "runAfter": {},
                    "metadata": {
                      "operationMetadataId": "1a84791b-001c-4357-82dd-f7f8635c1dfe"
                    },
                    "type": "AppendToArrayVariable",
                    "inputs": {
                      "name": "varValidations",
                      "value": {
                        "Validation": "Must have only 1 worksheet and it is named 'Sheet1'",
                        "Result": false
                      }
                    }
                  }
                }
              },
              "expression": {
                "and": [
                  {
                    "equals": [
                      "@length(outputs('Get_Worksheets')?['body/value'])",
                      1
                    ]
                  },
                  {
                    "equals": [
                      "@coalesce(first(outputs('Get_Worksheets')?['body/value'])?['name'],'')",
                      "Sheet1"
                    ]
                  }
                ]
              },
              "metadata": {
                "operationMetadataId": "35a7f1ef-13d0-4628-9685-8da6b193ff28"
              },
              "type": "If"
            }
          },
          "runAfter": {
            "If_Session_is_Not_Available": [
              "Succeeded"
            ]
          },
          "metadata": {
            "operationMetadataId": "eeb02e12-8d82-4c02-a316-d204b488323b"
          },
          "type": "Scope",
          "description": "Should only have 1 sheet, named Sheet1"
        },
        "Init_varValidations": {
          "runAfter": {
            "Config": [
              "Succeeded"
            ]
          },
          "metadata": {
            "operationMetadataId": "ee90a728-b746-4a73-b414-60591a71d0f0"
          },
          "type": "InitializeVariable",
          "inputs": {
            "variables": [
              {
                "name": "varValidations",
                "type": "array"
              }
            ]
          }
        },
        "Create_Excel_Session": {
          "runAfter": {
            "Init_varValidations": [
              "Succeeded"
            ]
          },
          "metadata": {
            "operationMetadataId": "44ce67da-ee9c-4262-a347-8d215216fcf4"
          },
          "type": "OpenApiConnection",
          "inputs": {
            "host": {
              "connectionName": "shared_msdemo-5fexcelhelper-5f6a862d4d42398014_1",
              "operationId": "CreateExcelSession",
              "apiId": ""
            },
            "parameters": {
              "siteId": "@outputs('Config')['siteid']",
              "driveId": "@outputs('Config')['driveid']",
              "itemId": "@outputs('Config')['fileid']",
              "body/persistChanges": true
            },
            "authentication": {
              "type": "Raw",
              "value": "@json(decodeBase64(triggerOutputs().headers['X-MS-APIM-Tokens']))['$ConnectionKey']"
            }
          }
        },
        "_varExcelSessionId": {
          "runAfter": {
            "Create_Excel_Session": [
              "Succeeded"
            ]
          },
          "metadata": {
            "operationMetadataId": "827e852d-686d-4d12-b2e2-06db8ce4fec5"
          },
          "type": "InitializeVariable",
          "inputs": {
            "variables": [
              {
                "name": "varExcelSessionId",
                "type": "string",
                "value": "@{body('Create_Excel_Session')?['id']}"
              }
            ]
          }
        },
        "If_Session_is_Not_Available": {
          "actions": {
            "Poll_Until_Session_ID_is_available": {
              "actions": {
                "Get_Async_Create_Session_Result": {
                  "runAfter": {},
                  "metadata": {
                    "operationMetadataId": "37a8ca78-31d6-4003-bfe5-fcdce39a73f1"
                  },
                  "type": "OpenApiConnection",
                  "inputs": {
                    "host": {
                      "connectionName": "shared_msdemo-5fexcelhelper-5f6a862d4d42398014_1",
                      "operationId": "GetAsyncCreateSessionResult",
                      "apiId": "/providers/Microsoft.PowerApps/apis/shared_msdemo-5fexcelhelper-5f6a862d4d42398014"
                    },
                    "parameters": {
                      "x-location": "@outputs('Create_Excel_Session')?['body/location']"
                    },
                    "authentication": {
                      "type": "Raw",
                      "value": "@json(decodeBase64(triggerOutputs().headers['X-MS-APIM-Tokens']))['$ConnectionKey']"
                    },
                    "retryPolicy": {
                      "type": "none"
                    }
                  },
                  "operationOptions": "DisableAsyncPattern"
                },
                "If_Session_Succeeded": {
                  "actions": {
                    "Get_Async_Create_Session_Value": {
                      "runAfter": {},
                      "metadata": {
                        "operationMetadataId": "a46abdb2-7f19-472a-8ee8-a845b6770860"
                      },
                      "type": "OpenApiConnection",
                      "inputs": {
                        "host": {
                          "connectionName": "shared_msdemo-5fexcelhelper-5f6a862d4d42398014_1",
                          "operationId": "GetAsyncCreateSessionValue",
                          "apiId": "/providers/Microsoft.PowerApps/apis/shared_msdemo-5fexcelhelper-5f6a862d4d42398014"
                        },
                        "parameters": {
                          "x-location": "@outputs('Get_Async_Create_Session_Result')?['body/resourceLocation']"
                        },
                        "authentication": {
                          "type": "Raw",
                          "value": "@json(decodeBase64(triggerOutputs().headers['X-MS-APIM-Tokens']))['$ConnectionKey']"
                        }
                      }
                    },
                    "Set_varExcelSessionId": {
                      "runAfter": {
                        "Get_Async_Create_Session_Value": [
                          "Succeeded"
                        ]
                      },
                      "metadata": {
                        "operationMetadataId": "e826bb4f-4f58-4ea2-8a6c-a4d3f89873a3"
                      },
                      "type": "SetVariable",
                      "inputs": {
                        "name": "varExcelSessionId",
                        "value": "@outputs('Get_Async_Create_Session_Value')?['body/id']"
                      }
                    }
                  },
                  "runAfter": {
                    "Get_Async_Create_Session_Result": [
                      "Succeeded"
                    ]
                  },
                  "else": {
                    "actions": {
                      "Wait_3s_before_Poll_again": {
                        "runAfter": {},
                        "metadata": {
                          "operationMetadataId": "4cd01073-eed5-4970-8d46-5f1af19d0b41"
                        },
                        "type": "Wait",
                        "inputs": {
                          "interval": {
                            "count": 3,
                            "unit": "Second"
                          }
                        }
                      }
                    }
                  },
                  "expression": {
                    "equals": [
                      "@outputs('Get_Async_Create_Session_Result')?['body/status']",
                      "succeeded"
                    ]
                  },
                  "metadata": {
                    "operationMetadataId": "540dff4d-5a59-49f5-bc22-1b34eeea7331"
                  },
                  "type": "If"
                }
              },
              "runAfter": {},
              "expression": "@greater(length(coalesce(variables('varExcelSessionId'), '')), 0)",
              "limit": {
                "count": 5,
                "timeout": "PT1M"
              },
              "metadata": {
                "operationMetadataId": "16eebb50-570e-457e-9990-caa5f97f0bac"
              },
              "type": "Until"
            }
          },
          "runAfter": {
            "_varExcelSessionId": [
              "Succeeded"
            ]
          },
          "expression": {
            "equals": [
              "@length(coalesce(variables('varExcelSessionId'), ''))",
              0
            ]
          },
          "metadata": {
            "operationMetadataId": "bf1a0aae-a29d-42d2-87a6-dc6901aa95c9"
          },
          "type": "If"
        }
      }
    },
    "templateName": ""
  },
  "schemaVersion": "1.0.0.0"
}