<ImportExportXml version="9.2.23024.188" SolutionPackageVersion="9.2" languagecode="1033" generatedBy="CrmLive" xmlns:xsi="http://www.w3.org/2001/XMLSchema-instance">
  <SolutionManifest>
    <UniqueName>OneViewDemo</UniqueName>
    <LocalizedNames>
      <LocalizedName description="OneView Demo" languagecode="1033" />
    </LocalizedNames>
    <Descriptions />
    <Version>1.0.0.2</Version>
    <Managed>1</Managed>
    <Publisher>
      <UniqueName>MSDemo</UniqueName>
      <LocalizedNames>
        <LocalizedName description="MSDemo" languagecode="1033" />
      </LocalizedNames>
      <Descriptions />
      <EMailAddress xsi:nil="true"></EMailAddress>
      <SupportingWebsiteUrl xsi:nil="true"></SupportingWebsiteUrl>
      <CustomizationPrefix>msdemo</CustomizationPrefix>
      <CustomizationOptionValuePrefix>15863</CustomizationOptionValuePrefix>
      <Addresses>
        <Address>
          <AddressNumber>1</AddressNumber>
          <AddressTypeCode>1</AddressTypeCode>
          <City xsi:nil="true"></City>
          <County xsi:nil="true"></County>
          <Country xsi:nil="true"></Country>
          <Fax xsi:nil="true"></Fax>
          <FreightTermsCode xsi:nil="true"></FreightTermsCode>
          <ImportSequenceNumber xsi:nil="true"></ImportSequenceNumber>
          <Latitude xsi:nil="true"></Latitude>
          <Line1 xsi:nil="true"></Line1>
          <Line2 xsi:nil="true"></Line2>
          <Line3 xsi:nil="true"></Line3>
          <Longitude xsi:nil="true"></Longitude>
          <Name xsi:nil="true"></Name>
          <PostalCode xsi:nil="true"></PostalCode>
          <PostOfficeBox xsi:nil="true"></PostOfficeBox>
          <PrimaryContactName xsi:nil="true"></PrimaryContactName>
          <ShippingMethodCode>1</ShippingMethodCode>
          <StateOrProvince xsi:nil="true"></StateOrProvince>
          <Telephone1 xsi:nil="true"></Telephone1>
          <Telephone2 xsi:nil="true"></Telephone2>
          <Telephone3 xsi:nil="true"></Telephone3>
          <TimeZoneRuleVersionNumber xsi:nil="true"></TimeZoneRuleVersionNumber>
          <UPSZone xsi:nil="true"></UPSZone>
          <UTCOffset xsi:nil="true"></UTCOffset>
          <UTCConversionTimeZoneCode xsi:nil="true"></UTCConversionTimeZoneCode>
        </Address>
        <Address>
          <AddressNumber>2</AddressNumber>
          <AddressTypeCode>1</AddressTypeCode>
          <City xsi:nil="true"></City>
          <County xsi:nil="true"></County>
          <Country xsi:nil="true"></Country>
          <Fax xsi:nil="true"></Fax>
          <FreightTermsCode xsi:nil="true"></FreightTermsCode>
          <ImportSequenceNumber xsi:nil="true"></ImportSequenceNumber>
          <Latitude xsi:nil="true"></Latitude>
          <Line1 xsi:nil="true"></Line1>
          <Line2 xsi:nil="true"></Line2>
          <Line3 xsi:nil="true"></Line3>
          <Longitude xsi:nil="true"></Longitude>
          <Name xsi:nil="true"></Name>
          <PostalCode xsi:nil="true"></PostalCode>
          <PostOfficeBox xsi:nil="true"></PostOfficeBox>
          <PrimaryContactName xsi:nil="true"></PrimaryContactName>
          <ShippingMethodCode>1</ShippingMethodCode>
          <StateOrProvince xsi:nil="true"></StateOrProvince>
          <Telephone1 xsi:nil="true"></Telephone1>
          <Telephone2 xsi:nil="true"></Telephone2>
          <Telephone3 xsi:nil="true"></Telephone3>
          <TimeZoneRuleVersionNumber xsi:nil="true"></TimeZoneRuleVersionNumber>
          <UPSZone xsi:nil="true"></UPSZone>
          <UTCOffset xsi:nil="true"></UTCOffset>
          <UTCConversionTimeZoneCode xsi:nil="true"></UTCConversionTimeZoneCode>
        </Address>
      </Addresses>
    </Publisher>
    <RootComponents>
      <RootComponent type="1" schemaName="msdemo_oneviewboe" behavior="0" />
      <RootComponent type="1" schemaName="msdemo_oneviewirm" behavior="0" />
      <RootComponent type="1" schemaName="msdemo_oneviewupload" behavior="0" />
      <RootComponent type="1" schemaName="msdemo_oneviewuploadlog" behavior="0" />
      <RootComponent type="1" schemaName="msdemo_oneviewuploadprofile" behavior="0" />
      <RootComponent type="9" schemaName="msdemo_oneviewuploadtype" behavior="0" />
      <RootComponent type="29" id="{d770b342-47bd-ed11-83fe-000d3a097b66}" behavior="0" />
      <RootComponent type="300" schemaName="msdemo_oneviewdemo_01697" behavior="0" />
    </RootComponents>
    <MissingDependencies>
      <MissingDependency>
        <Required type="181" schemaName="NonRelational Data Provider" displayName="NonRelational Data Provider" solution="NonRelationalDataProvider (9.0.0.1088)" id="{1d9bde74-9ebd-4da9-8ff5-aa74945b9f74}" />
        <Dependent type="1" schemaName="msdemo_oneviewboe" displayName="OneView BOE" />
      </MissingDependency>
      <MissingDependency>
        <Required type="181" schemaName="NonRelational Data Provider" displayName="NonRelational Data Provider" solution="NonRelationalDataProvider (9.0.0.1088)" id="{1d9bde74-9ebd-4da9-8ff5-aa74945b9f74}" />
        <Dependent type="1" schemaName="msdemo_oneviewirm" displayName="OneView IRM" />
      </MissingDependency>
      <MissingDependency>
        <Required type="183" schemaName="NonRelational Data Provider" displayName="NonRelational Data Provider" solution="NonRelationalDataProvider (9.0.0.1088)" id="{19897b6e-b2c2-461c-8f32-5a2413028030}" />
        <Dependent type="1" schemaName="msdemo_oneviewboe" displayName="OneView BOE" />
      </MissingDependency>
      <MissingDependency>
        <Required type="183" schemaName="NonRelational Data Provider" displayName="NonRelational Data Provider" solution="NonRelationalDataProvider (9.0.0.1088)" id="{19897b6e-b2c2-461c-8f32-5a2413028030}" />
        <Dependent type="1" schemaName="msdemo_oneviewirm" displayName="OneView IRM" />
      </MissingDependency>
      <MissingDependency>
        <Required type="372" schemaName="msdemo_excelhelper" displayName="ExcelHelper" solution="Active" id="{7f8c1e87-283f-4b35-acf8-4791e879e615}" />
        <Dependent type="29" displayName="OneView File Upload" id="{d770b342-47bd-ed11-83fe-000d3a097b66}" />
      </MissingDependency>
      <MissingDependency>
        <Required type="372" schemaName="msdemo_excelhelper" displayName="ExcelHelper" solution="Active" id="{7f8c1e87-283f-4b35-acf8-4791e879e615}" />
        <Dependent type="300" schemaName="msdemo_oneviewdemo_01697" displayName="OneView Demo" />
      </MissingDependency>
      <MissingDependency>
        <Required type="372" schemaName="msdemo_excelhelper" displayName="ExcelHelper" solution="Active" id="{7f8c1e87-283f-4b35-acf8-4791e879e615}" />
        <Dependent type="connectionreference" displayName="msdemo_OneViewExcelHelper" id.connectionreferencelogicalname="msdemo_OneViewExcelHelper" />
      </MissingDependency>
    </MissingDependencies>
  </SolutionManifest>
</ImportExportXml>