{"token":{"type":"oauthSetting","oAuthSettings":{"identityProvider":"aad","clientId":"620be0e4-bf3b-449a-888a-4e9edc65fc12","scopes":[],"redirectMode":"Global","redirectUrl":"https://global.consent.azure-apim.net/redirect","properties":{"IsFirstParty":"False","AzureActiveDirectoryResourceId":"https://graph.microsoft.com","IsOnbehalfofLoginSupported":true},"customParameters":{"loginUri":{"value":"https://login.microsoftonline.com"},"tenantId":{"value":"common"},"resourceUri":{"value":"https://graph.microsoft.com"},"enableOnbehalfOfLogin":{"value":"false"}}}},"token:TenantId":{"type":"string","metadata":{"sourceType":"AzureActiveDirectoryTenant"},"uiDefinition":{"constraints":{"required":"false","hidden":"true"}}}}