{
  "properties": {
    "connectionReferences": {
      "shared_commondataserviceforapps": {
        "runtimeSource": "embedded",
        "connection": {
          "connectionReferenceLogicalName": "demo_LargeExcelDataverse"
        },
        "api": {
          "name": "shared_commondataserviceforapps"
        }
      },
      "shared_sharepointonline_1": {
        "runtimeSource": "invoker",
        "connection": {
          "connectionReferenceLogicalName": "demo_LargeExcelSharePoint"
        },
        "api": {
          "name": "shared_sharepointonline"
        }
      },
      "shared_msdemo-5fexcelhelper-5f59d6d2e32b6d09c5": {
        "runtimeSource": "invoker",
        "connection": {
          "connectionReferenceLogicalName": "demo_LargeExcelHelperConnector"
        },
        "api": {
          "name": "shared_msdemo-5fexcelhelper-5f59d6d2e32b6d09c5",
          "logicalName": "msdemo_excelhelper"
        }
      }
    },
    "definition": {
      "$schema": "https://schema.management.azure.com/providers/Microsoft.Logic/schemas/2016-06-01/workflowdefinition.json#",
      "contentVersion": "1.0.0.0",
      "parameters": {
        "$connections": {
          "defaultValue": {},
          "type": "Object"
        },
        "$authentication": {
          "defaultValue": {},
          "type": "SecureObject"
        }
      },
      "triggers": {
        "manual": {
          "metadata": {
            "operationMetadataId": "13706415-d888-43dd-938f-18781f015133"
          },
          "type": "Request",
          "kind": "PowerApp",
          "inputs": {
            "schema": {
              "type": "object",
              "properties": {
                "FileContent_Inputs": {
                  "type": "any",
                  "description": "Inputs",
                  "x-ms-powerflows-param-ispartial": false
                }
              },
              "required": [
                "FileContent_Inputs"
              ]
            }
          }
        }
      },
      "actions": {
        "FileContent": {
          "runAfter": {
            "Get_Settings": [
              "Succeeded"
            ]
          },
          "metadata": {
            "operationMetadataId": "8586c6f1-bbd5-4404-ad4b-ecd6e7764ff1"
          },
          "type": "Compose",
          "inputs": "@triggerBody()['FileContent_Inputs']"
        },
        "Get_Settings": {
          "runAfter": {
            "Config": [
              "Succeeded"
            ]
          },
          "metadata": {
            "operationMetadataId": "4808ffe9-3ba3-47f5-a87c-78dc6b22059f"
          },
          "type": "OpenApiConnection",
          "inputs": {
            "host": {
              "connectionName": "shared_commondataserviceforapps",
              "operationId": "ListRecords",
              "apiId": "/providers/Microsoft.PowerApps/apis/shared_commondataserviceforapps"
            },
            "parameters": {
              "entityName": "demo_largeexcelsettings",
              "$select": "demo_sharepointhost,demo_sharepointsite,demo_siteid, demo_driveid, demo_tablecols",
              "$top": 1
            },
            "authentication": {
              "type": "Raw",
              "value": "@json(decodeBase64(triggerOutputs().headers['X-MS-APIM-Tokens']))['$ConnectionKey']"
            }
          }
        },
        "Create_file": {
          "runAfter": {
            "FileContent": [
              "Succeeded"
            ]
          },
          "metadata": {
            "operationMetadataId": "b78ad03e-ceb3-434c-af2a-ea19c151a0a6"
          },
          "type": "OpenApiConnection",
          "inputs": {
            "host": {
              "connectionName": "shared_sharepointonline_1",
              "operationId": "CreateFile",
              "apiId": "/providers/Microsoft.PowerApps/apis/shared_sharepointonline"
            },
            "parameters": {
              "dataset": "https://@{body('Get_Settings')['value'][0]['demo_sharepointhost']}@{body('Get_Settings')['value'][0]['demo_sharepointsite']}",
              "folderPath": "/Shared Documents",
              "name": "@{guid()}.xlsx",
              "body": "@base64ToBinary(outputs('FileContent'))"
            },
            "authentication": {
              "type": "Raw",
              "value": "@json(decodeBase64(triggerOutputs().headers['X-MS-APIM-Tokens']))['$ConnectionKey']"
            }
          },
          "runtimeConfiguration": {
            "contentTransfer": {
              "transferMode": "Chunked"
            }
          }
        },
        "Get_File_Item_Id": {
          "runAfter": {
            "Create_file": [
              "Succeeded"
            ]
          },
          "metadata": {
            "operationMetadataId": "6b873541-99cd-4307-93b0-949ccea295f7"
          },
          "type": "OpenApiConnection",
          "inputs": {
            "host": {
              "connectionName": "shared_msdemo-5fexcelhelper-5f59d6d2e32b6d09c5",
              "operationId": "GetFileItemId",
              "apiId": ""
            },
            "parameters": {
              "siteId": "@body('Get_Settings')['value'][0]['demo_siteid']",
              "driveId": "@body('Get_Settings')['value'][0]['demo_driveid']",
              "fileName": "@outputs('Create_file')?['body/Name']"
            },
            "authentication": {
              "type": "Raw",
              "value": "@json(decodeBase64(triggerOutputs().headers['X-MS-APIM-Tokens']))['$ConnectionKey']"
            }
          }
        },
        "Create_Excel_Session": {
          "runAfter": {
            "Get_File_Item_Id": [
              "Succeeded"
            ]
          },
          "metadata": {
            "operationMetadataId": "fd13fb0d-0521-4427-b220-07e77080566a"
          },
          "type": "OpenApiConnection",
          "inputs": {
            "host": {
              "connectionName": "shared_msdemo-5fexcelhelper-5f59d6d2e32b6d09c5",
              "operationId": "CreateExcelSession",
              "apiId": ""
            },
            "parameters": {
              "siteId": "@body('Get_Settings')['value'][0]['demo_siteid']",
              "driveId": "@body('Get_Settings')['value'][0]['demo_driveid']",
              "itemId": "@outputs('Get_File_Item_Id')?['body/id']",
              "body/persistChanges": true
            },
            "authentication": {
              "type": "Raw",
              "value": "@json(decodeBase64(triggerOutputs().headers['X-MS-APIM-Tokens']))['$ConnectionKey']"
            },
            "retryPolicy": {
              "type": "exponential",
              "count": 5,
              "interval": "PT20S",
              "minimumInterval": "PT10S",
              "maximumInterval": "PT1H"
            }
          },
          "operationOptions": "DisableAsyncPattern"
        },
        "_varExcelSessionId": {
          "runAfter": {
            "Create_Excel_Session": [
              "Succeeded"
            ]
          },
          "metadata": {
            "operationMetadataId": "827e852d-686d-4d12-b2e2-06db8ce4fec5"
          },
          "type": "InitializeVariable",
          "inputs": {
            "variables": [
              {
                "name": "varExcelSessionId",
                "type": "string",
                "value": "@{body('Create_Excel_Session')?['id']}"
              }
            ]
          }
        },
        "Poll_Until_Session_ID_is_available": {
          "actions": {
            "Get_Async_Create_Session_Result": {
              "runAfter": {},
              "metadata": {
                "operationMetadataId": "37a8ca78-31d6-4003-bfe5-fcdce39a73f1"
              },
              "type": "OpenApiConnection",
              "inputs": {
                "host": {
                  "connectionName": "shared_msdemo-5fexcelhelper-5f59d6d2e32b6d09c5",
                  "operationId": "GetAsyncCreateSessionResult",
                  "apiId": "/providers/Microsoft.PowerApps/apis/shared_msdemo-5fexcelhelper-5f59d6d2e32b6d09c5"
                },
                "parameters": {
                  "x-location": "@outputs('Create_Excel_Session')?['body/location']"
                },
                "authentication": {
                  "type": "Raw",
                  "value": "@json(decodeBase64(triggerOutputs().headers['X-MS-APIM-Tokens']))['$ConnectionKey']"
                }
              }
            },
            "If_Session_Succeeded": {
              "actions": {
                "Get_Async_Create_Session_Value": {
                  "runAfter": {},
                  "metadata": {
                    "operationMetadataId": "a46abdb2-7f19-472a-8ee8-a845b6770860"
                  },
                  "type": "OpenApiConnection",
                  "inputs": {
                    "host": {
                      "connectionName": "shared_msdemo-5fexcelhelper-5f59d6d2e32b6d09c5",
                      "operationId": "GetAsyncCreateSessionValue",
                      "apiId": "/providers/Microsoft.PowerApps/apis/shared_msdemo-5fexcelhelper-5f59d6d2e32b6d09c5"
                    },
                    "parameters": {
                      "x-location": "@outputs('Get_Async_Create_Session_Result')?['body/resourceLocation']"
                    },
                    "authentication": {
                      "type": "Raw",
                      "value": "@json(decodeBase64(triggerOutputs().headers['X-MS-APIM-Tokens']))['$ConnectionKey']"
                    }
                  }
                },
                "Set_varExcelSessionId": {
                  "runAfter": {
                    "Get_Async_Create_Session_Value": [
                      "Succeeded"
                    ]
                  },
                  "metadata": {
                    "operationMetadataId": "e826bb4f-4f58-4ea2-8a6c-a4d3f89873a3"
                  },
                  "type": "SetVariable",
                  "inputs": {
                    "name": "varExcelSessionId",
                    "value": "@outputs('Get_Async_Create_Session_Value')?['body/id']"
                  }
                }
              },
              "runAfter": {
                "Get_Async_Create_Session_Result": [
                  "Succeeded"
                ]
              },
              "else": {
                "actions": {
                  "Wait_3s_before_Poll_again": {
                    "runAfter": {},
                    "metadata": {
                      "operationMetadataId": "4cd01073-eed5-4970-8d46-5f1af19d0b41"
                    },
                    "type": "Wait",
                    "inputs": {
                      "interval": {
                        "count": 3,
                        "unit": "Second"
                      }
                    }
                  }
                }
              },
              "expression": {
                "equals": [
                  "@outputs('Get_Async_Create_Session_Result')?['body/status']",
                  "succeeded"
                ]
              },
              "metadata": {
                "operationMetadataId": "540dff4d-5a59-49f5-bc22-1b34eeea7331"
              },
              "type": "If"
            }
          },
          "runAfter": {
            "_varExcelSessionId": [
              "Succeeded"
            ]
          },
          "expression": "@greater(length(coalesce(variables('varExcelSessionId'), '')), 0)",
          "limit": {
            "count": 60,
            "timeout": "PT1H"
          },
          "metadata": {
            "operationMetadataId": "16eebb50-570e-457e-9990-caa5f97f0bac"
          },
          "type": "Until"
        },
        "Get_Worksheets": {
          "runAfter": {
            "Poll_Until_Session_ID_is_available": [
              "Succeeded"
            ]
          },
          "metadata": {
            "operationMetadataId": "2b2daf27-70ed-4c66-97a3-5d22f1a6ab8d"
          },
          "type": "OpenApiConnection",
          "inputs": {
            "host": {
              "connectionName": "shared_msdemo-5fexcelhelper-5f59d6d2e32b6d09c5",
              "operationId": "GetWorksheets",
              "apiId": ""
            },
            "parameters": {
              "siteId": "@body('Get_Settings')['value'][0]['demo_siteid']",
              "driveId": "@body('Get_Settings')['value'][0]['demo_driveid']",
              "itemId": "@outputs('Get_File_Item_Id')?['body/id']",
              "workbook-session-id": "@variables('varExcelSessionId')"
            },
            "authentication": {
              "type": "Raw",
              "value": "@json(decodeBase64(triggerOutputs().headers['X-MS-APIM-Tokens']))['$ConnectionKey']"
            }
          }
        },
        "Each_Sheet": {
          "foreach": "@outputs('Get_Worksheets')?['body/value']",
          "actions": {
            "Get_Used_Range": {
              "runAfter": {},
              "metadata": {
                "operationMetadataId": "c29883ba-5194-4328-8a0a-8106e2e5d5b6"
              },
              "type": "OpenApiConnection",
              "inputs": {
                "host": {
                  "connectionName": "shared_msdemo-5fexcelhelper-5f59d6d2e32b6d09c5",
                  "operationId": "GetUsedRange",
                  "apiId": "/providers/Microsoft.PowerApps/apis/shared_msdemo-5fexcelhelper-5f59d6d2e32b6d09c5"
                },
                "parameters": {
                  "siteId": "@body('Get_Settings')['value'][0]['demo_siteid']",
                  "driveId": "@body('Get_Settings')['value'][0]['demo_driveid']",
                  "itemId": "@outputs('Get_File_Item_Id')?['body/id']",
                  "sheetName": "@items('Each_Sheet')?['name']",
                  "workbook-session-id": "@variables('varExcelSessionId')"
                },
                "authentication": {
                  "type": "Raw",
                  "value": "@json(decodeBase64(triggerOutputs().headers['X-MS-APIM-Tokens']))['$ConnectionKey']"
                }
              }
            },
            "Get_Address_Range_Batch": {
              "runAfter": {
                "Get_Used_Range": [
                  "Succeeded"
                ]
              },
              "metadata": {
                "operationMetadataId": "44fa8fe2-3af2-48cb-aeda-cc0ffb0eb4bf"
              },
              "type": "OpenApiConnection",
              "inputs": {
                "host": {
                  "connectionName": "shared_msdemo-5fexcelhelper-5f59d6d2e32b6d09c5",
                  "operationId": "GetAddressRangeBatch",
                  "apiId": "/providers/Microsoft.PowerApps/apis/shared_msdemo-5fexcelhelper-5f59d6d2e32b6d09c5"
                },
                "parameters": {
                  "x-Address": "@last(split(outputs('Get_Used_Range')?['body/address'], '!'))",
                  "x-BatchSize": 800,
                  "x-StartRow": 2
                },
                "authentication": {
                  "type": "Raw",
                  "value": "@json(decodeBase64(triggerOutputs().headers['X-MS-APIM-Tokens']))['$ConnectionKey']"
                }
              }
            },
            "Each_batch": {
              "foreach": "@outputs('Get_Address_Range_Batch')?['body/Batch']",
              "actions": {
                "Get_Rows": {
                  "runAfter": {},
                  "metadata": {
                    "operationMetadataId": "aeea042d-06d8-4459-8cd6-5a3b2cafbd7f"
                  },
                  "type": "OpenApiConnection",
                  "inputs": {
                    "host": {
                      "connectionName": "shared_msdemo-5fexcelhelper-5f59d6d2e32b6d09c5",
                      "operationId": "GetRows",
                      "apiId": "/providers/Microsoft.PowerApps/apis/shared_msdemo-5fexcelhelper-5f59d6d2e32b6d09c5"
                    },
                    "parameters": {
                      "workbook-session-id": "@variables('varExcelSessionId')",
                      "siteId": "@body('Get_Settings')['value'][0]['demo_siteid']",
                      "driveId": "@body('Get_Settings')['value'][0]['demo_driveid']",
                      "itemId": "@outputs('Get_File_Item_Id')?['body/id']",
                      "sheetName": "@items('Each_Sheet')?['name']",
                      "address": "@items('Each_batch')"
                    },
                    "authentication": {
                      "type": "Raw",
                      "value": "@json(decodeBase64(triggerOutputs().headers['X-MS-APIM-Tokens']))['$ConnectionKey']"
                    }
                  }
                },
                "Convert_Data_For_XMultiple": {
                  "runAfter": {
                    "Get_Rows": [
                      "Succeeded"
                    ]
                  },
                  "metadata": {
                    "operationMetadataId": "a9082ea7-8e6b-49c2-9dcb-752173fa7920"
                  },
                  "type": "OpenApiConnection",
                  "inputs": {
                    "host": {
                      "connectionName": "shared_msdemo-5fexcelhelper-5f59d6d2e32b6d09c5",
                      "operationId": "ConvertDataForXMultiple",
                      "apiId": "/providers/Microsoft.PowerApps/apis/shared_msdemo-5fexcelhelper-5f59d6d2e32b6d09c5"
                    },
                    "parameters": {
                      "x-Columns": "@body('Get_Settings')['value'][0]['demo_tablecols']",
                      "x-TrackerColumn": "ttlinseconds",
                      "x-TrackerValue": "600",
                      "x-TableName": "demo_samplelargeexceldata",
                      "body": "@body('Get_Rows')['text']"
                    },
                    "authentication": {
                      "type": "Raw",
                      "value": "@json(decodeBase64(triggerOutputs().headers['X-MS-APIM-Tokens']))['$ConnectionKey']"
                    }
                  }
                },
                "Bulk_Insert_into_Dataverse": {
                  "runAfter": {
                    "Convert_Data_For_XMultiple": [
                      "Succeeded"
                    ]
                  },
                  "metadata": {
                    "operationMetadataId": "395e145f-d83c-49b3-9bbd-78e035c3a3eb"
                  },
                  "type": "Http",
                  "inputs": {
                    "method": "POST",
                    "uri": "https://@{outputs('Config')['OrgUrl']}/api/data/v9.2/CreateMultipleLegacy",
                    "headers": {
                      "Content-Type": "application/json"
                    },
                    "body": {
                      "Target": "@body('Convert_Data_For_XMultiple')"
                    },
                    "authentication": {
                      "type": "ActiveDirectoryOAuth",
                      "authority": "https://login.microsoftonline.com",
                      "tenant": "@{outputs('Config')['Tenant']}",
                      "audience": "https://@{outputs('Config')['OrgUrl']}",
                      "clientId": "@{outputs('Config')['ClientId']}",
                      "secret": "@{outputs('Config')['ClientSecret']}"
                    }
                  }
                }
              },
              "runAfter": {
                "Get_Address_Range_Batch": [
                  "Succeeded"
                ]
              },
              "metadata": {
                "operationMetadataId": "5d429741-5e63-49f7-82e7-d2f59bec270b"
              },
              "type": "Foreach",
              "runtimeConfiguration": {
                "concurrency": {
                  "repetitions": 30
                }
              }
            }
          },
          "runAfter": {
            "Get_Worksheets": [
              "Succeeded"
            ]
          },
          "metadata": {
            "operationMetadataId": "ab2d2945-8dae-49d9-9e1b-f3969ce68f38"
          },
          "type": "Foreach"
        },
        "Config": {
          "runAfter": {},
          "metadata": {
            "operationMetadataId": "b9365fba-c64f-4132-b0b3-ce958bb8aafd"
          },
          "type": "Compose",
          "inputs": {
            "OrgUrl": "",
            "ClientId": "",
            "ClientSecret": "",
            "Tenant": ""
          }
        }
      }
    },
    "templateName": ""
  },
  "schemaVersion": "1.0.0.0"
}