{
  "properties": {
    "connectionReferences": {
      "shared_sharepointonline_1": {
        "runtimeSource": "invoker",
        "connection": {
          "connectionReferenceLogicalName": "msdemo_OneViewSharePoint"
        },
        "api": {
          "name": "shared_sharepointonline"
        }
      },
      "shared_excelhelper-5ffea3d5cead634233-5fa79c28db02f95272_1": {
        "runtimeSource": "invoker",
        "connection": {
          "connectionReferenceLogicalName": "msdemo_OneViewExcelHelper"
        },
        "api": {
          "name": "shared_excelhelper-5ffea3d5cead634233-5fa79c28db02f95272",
          "logicalName": "msdemo_excelhelper"
        }
      },
      "shared_commondataserviceforapps_1": {
        "runtimeSource": "embedded",
        "connection": {
          "connectionReferenceLogicalName": "msdemo_OneViewDataverse"
        },
        "api": {
          "name": "shared_commondataserviceforapps"
        }
      }
    },
    "definition": {
      "$schema": "https://schema.management.azure.com/providers/Microsoft.Logic/schemas/2016-06-01/workflowdefinition.json#",
      "contentVersion": "1.0.0.0",
      "parameters": {
        "$connections": {
          "defaultValue": {},
          "type": "Object"
        },
        "$authentication": {
          "defaultValue": {},
          "type": "SecureObject"
        },
        "OneView ServicePrincipal Client ID (msdemo_OneViewServicePrincipalClientID)": {
          "defaultValue": "1a0d45cb-ea55-45b5-9b42-84656cb6a902",
          "type": "String",
          "metadata": {
            "schemaName": "msdemo_OneViewServicePrincipalClientID"
          }
        },
        "OneView ServicePrincipal Secret (msdemo_OneViewServicePrincipalSecret)": {
          "defaultValue": "jEQ8Q~KwizmfVJupVlcYqisaBJUk.p55lM6YlalG",
          "type": "String",
          "metadata": {
            "schemaName": "msdemo_OneViewServicePrincipalSecret"
          }
        },
        "Tenant ID (msdemo_TenantID)": {
          "defaultValue": "1e2de221-67c0-4d57-8642-d86bcec846c2",
          "type": "String",
          "metadata": {
            "schemaName": "msdemo_TenantID"
          }
        },
        "Org Url (msdemo_OrgUrl)": {
          "defaultValue": "https://org0abac285.crm5.dynamics.com",
          "type": "String",
          "metadata": {
            "schemaName": "msdemo_OrgUrl"
          }
        }
      },
      "triggers": {
        "manual": {
          "metadata": {
            "operationMetadataId": "4cd42bc2-d7db-4681-9e71-62cab6eef7aa"
          },
          "type": "Request",
          "kind": "PowerApp",
          "inputs": {
            "schema": {
              "type": "object",
              "properties": {
                "File_Inputs": {
                  "type": "any",
                  "description": "Inputs",
                  "x-ms-powerflows-param-ispartial": false
                },
                "UploadProfile_Inputs": {
                  "type": "any",
                  "description": "Inputs",
                  "x-ms-powerflows-param-ispartial": false
                }
              },
              "required": [
                "File_Inputs",
                "UploadProfile_Inputs"
              ]
            }
          }
        }
      },
      "actions": {
        "File": {
          "runAfter": {
            "Parse_JSON": [
              "Succeeded"
            ]
          },
          "metadata": {
            "operationMetadataId": "0471e3e7-0a2c-4414-9e14-1e8d87ab3b16"
          },
          "type": "Compose",
          "inputs": "@triggerBody()['File_Inputs']"
        },
        "Create_file": {
          "runAfter": {
            "Log_File_Upload": [
              "Succeeded"
            ]
          },
          "metadata": {
            "operationMetadataId": "33b46fc1-9a55-4efb-a528-d1927c665ee6"
          },
          "type": "OpenApiConnection",
          "inputs": {
            "host": {
              "connectionName": "shared_sharepointonline_1",
              "operationId": "CreateFile",
              "apiId": "/providers/Microsoft.PowerApps/apis/shared_sharepointonline"
            },
            "parameters": {
              "dataset": "https://crm108246.sharepoint.com/sites/DemoSite",
              "folderPath": "/Shared Documents",
              "name": "@body('Parse_JSON')?['FileName']",
              "body": "@base64ToBinary(outputs('File'))"
            },
            "authentication": {
              "type": "Raw",
              "value": "@json(decodeBase64(triggerOutputs().headers['X-MS-APIM-Tokens']))['$ConnectionKey']"
            }
          },
          "runtimeConfiguration": {
            "contentTransfer": {
              "transferMode": "Chunked"
            },
            "staticResult": {
              "staticResultOptions": "Disabled",
              "name": "Create_file1"
            }
          }
        },
        "Get_File_Item_Id": {
          "runAfter": {
            "Create_file": [
              "Succeeded"
            ]
          },
          "metadata": {
            "operationMetadataId": "16e23d48-2b0b-477e-b597-51bb0955da9e"
          },
          "type": "OpenApiConnection",
          "inputs": {
            "host": {
              "connectionName": "shared_excelhelper-5ffea3d5cead634233-5fa79c28db02f95272_1",
              "operationId": "GetFileItemId",
              "apiId": ""
            },
            "parameters": {
              "siteId": "@body('Parse_JSON')?['SiteId']",
              "driveId": "@body('Parse_JSON')?['DriveId']",
              "fileName": "@body('Parse_JSON')?['FileName']"
            },
            "authentication": {
              "type": "Raw",
              "value": "@json(decodeBase64(triggerOutputs().headers['X-MS-APIM-Tokens']))['$ConnectionKey']"
            }
          },
          "runtimeConfiguration": {
            "staticResult": {
              "staticResultOptions": "Disabled",
              "name": "Get_File_Item_Id0"
            }
          }
        },
        "Upload_Profile": {
          "runAfter": {
            "Config": [
              "Succeeded"
            ]
          },
          "metadata": {
            "operationMetadataId": "ec12057d-6670-4ce3-9046-28cd4e752afe"
          },
          "type": "Compose",
          "inputs": "@triggerBody()['UploadProfile_Inputs']"
        },
        "Parse_JSON": {
          "runAfter": {
            "Upload_Profile": [
              "Succeeded"
            ]
          },
          "metadata": {
            "operationMetadataId": "009f25c5-7fc7-4c7f-9eee-292c5c33125a"
          },
          "type": "ParseJson",
          "inputs": {
            "content": "@outputs('Upload_Profile')",
            "schema": {
              "type": "object",
              "properties": {
                "Columns": {
                  "type": "string"
                },
                "DriveId": {
                  "type": "string"
                },
                "FileName": {},
                "SiteId": {
                  "type": "string"
                },
                "StartCol": {
                  "type": "integer"
                },
                "StartRow": {
                  "type": "integer"
                },
                "Type": {
                  "type": "string"
                },
                "UploadItem": {
                  "type": "string"
                },
                "BatchSize": {
                  "type": "integer"
                },
                "TableName": {
                  "type": "string"
                },
                "UploadNumber": {
                  "type": "string"
                },
                "TableCollectionName": {
                  "type": "string"
                },
                "TrackingColumnName": {
                  "type": "string"
                },
                "GuidColumn": {
                  "type": "string"
                },
                "PrimaryColumn": {
                  "type": "string"
                }
              }
            }
          }
        },
        "Update_Status": {
          "runAfter": {
            "Get_File_Item_Id": [
              "Succeeded"
            ]
          },
          "metadata": {
            "operationMetadataId": "0304f04d-9bb0-495f-ac47-40974209e8e7"
          },
          "type": "OpenApiConnection",
          "inputs": {
            "host": {
              "connectionName": "shared_commondataserviceforapps_1",
              "operationId": "UpdateRecord",
              "apiId": "/providers/Microsoft.PowerApps/apis/shared_commondataserviceforapps"
            },
            "parameters": {
              "entityName": "msdemo_oneviewuploads",
              "recordId": "@body('Parse_JSON')?['UploadItem']",
              "item/msdemo_sharepointpath": "@outputs('Create_file')?['body/Path']",
              "item/msdemo_spfileid": "@outputs('Get_File_Item_Id')?['body/id']",
              "item/msdemo_uploadstatus": 2001
            },
            "authentication": {
              "type": "Raw",
              "value": "@json(decodeBase64(triggerOutputs().headers['X-MS-APIM-Tokens']))['$ConnectionKey']"
            }
          }
        },
        "Respond_to_a_PowerApp_or_flow": {
          "runAfter": {
            "File": [
              "Succeeded"
            ]
          },
          "metadata": {
            "operationMetadataId": "c3fb3238-d94c-4b6d-bb7d-f798e52059aa"
          },
          "type": "Response",
          "kind": "PowerApp",
          "inputs": {
            "statusCode": 200,
            "body": {},
            "schema": {
              "type": "object",
              "properties": {}
            }
          }
        },
        "varSessionStatus": {
          "runAfter": {
            "Get_File_Item_Id": [
              "Succeeded"
            ]
          },
          "metadata": {
            "operationMetadataId": "430e1198-9df0-48ae-a1ba-6830eb373b06"
          },
          "type": "InitializeVariable",
          "inputs": {
            "variables": [
              {
                "name": "varSessionStatus",
                "type": "object"
              }
            ]
          }
        },
        "varTotalRows": {
          "runAfter": {
            "varSessionStatus": [
              "Succeeded"
            ]
          },
          "metadata": {
            "operationMetadataId": "d349cf3c-8e16-460f-8cfb-99eefd6c0a07"
          },
          "type": "InitializeVariable",
          "inputs": {
            "variables": [
              {
                "name": "varTotalRows",
                "type": "integer",
                "value": 0
              }
            ]
          }
        },
        "Create_Excel_Session": {
          "runAfter": {
            "Log_Excel_Session": [
              "Succeeded"
            ]
          },
          "metadata": {
            "operationMetadataId": "00b33cd1-0076-4131-b8c7-1235ada6201a"
          },
          "type": "OpenApiConnection",
          "inputs": {
            "host": {
              "connectionName": "shared_excelhelper-5ffea3d5cead634233-5fa79c28db02f95272_1",
              "operationId": "CreateExcelSession",
              "apiId": ""
            },
            "parameters": {
              "siteId": "@body('Parse_JSON')?['SiteId']",
              "driveId": "@body('Parse_JSON')?['DriveId']",
              "itemId": "@outputs('Get_File_Item_Id')?['body/id']",
              "body/persistChanges": true
            },
            "authentication": {
              "type": "Raw",
              "value": "@json(decodeBase64(triggerOutputs().headers['X-MS-APIM-Tokens']))['$ConnectionKey']"
            }
          },
          "operationOptions": "DisableAsyncPattern"
        },
        "If_Session_ID_available": {
          "actions": {
            "Session_Id": {
              "runAfter": {},
              "metadata": {
                "operationMetadataId": "72e86bfd-713f-40f6-8a66-38d5e0582ddb"
              },
              "type": "SetVariable",
              "inputs": {
                "name": "varSessionStatus",
                "value": {
                  "id": "@{body('Create_Excel_Session')['id']}"
                }
              }
            }
          },
          "runAfter": {
            "Create_Excel_Session": [
              "Succeeded"
            ]
          },
          "else": {
            "actions": {
              "Get_Async_Create_Session_Result": {
                "runAfter": {},
                "metadata": {
                  "operationMetadataId": "357e6314-476e-47bf-9474-813294bdc156"
                },
                "type": "OpenApiConnection",
                "inputs": {
                  "host": {
                    "connectionName": "shared_excelhelper-5ffea3d5cead634233-5fa79c28db02f95272_1",
                    "operationId": "GetAsyncCreateSessionResult",
                    "apiId": "/providers/Microsoft.PowerApps/apis/shared_excelhelper-5ffea3d5cead634233-5fa79c28db02f95272"
                  },
                  "parameters": {
                    "x-location": "@outputs('Create_Excel_Session')?['body/location']"
                  },
                  "authentication": {
                    "type": "Raw",
                    "value": "@json(decodeBase64(triggerOutputs().headers['X-MS-APIM-Tokens']))['$ConnectionKey']"
                  }
                },
                "operationOptions": "DisableAsyncPattern"
              },
              "Set_varAsyncStatus": {
                "runAfter": {
                  "Get_Async_Create_Session_Result": [
                    "Succeeded"
                  ]
                },
                "metadata": {
                  "operationMetadataId": "8539d8f3-0635-4667-943d-96bc701a2614"
                },
                "type": "SetVariable",
                "inputs": {
                  "name": "varSessionStatus",
                  "value": {
                    "status": "@{outputs('Get_Async_Create_Session_Result')?['body/status']}",
                    "location": "@{outputs('Get_Async_Create_Session_Result')?['body/resourceLocation']}"
                  }
                }
              },
              "Do_until": {
                "actions": {
                  "Wait_before_polling_again": {
                    "runAfter": {},
                    "metadata": {
                      "operationMetadataId": "8400481e-49b6-42b3-975c-826e977af61e"
                    },
                    "type": "Wait",
                    "inputs": {
                      "interval": {
                        "count": 5,
                        "unit": "Second"
                      }
                    }
                  },
                  "Poll_async_session": {
                    "runAfter": {
                      "Wait_before_polling_again": [
                        "Succeeded"
                      ]
                    },
                    "metadata": {
                      "operationMetadataId": "6f4e39e3-0875-4ae1-8bf0-cddc4d08dfe6"
                    },
                    "type": "OpenApiConnection",
                    "inputs": {
                      "host": {
                        "connectionName": "shared_excelhelper-5ffea3d5cead634233-5fa79c28db02f95272_1",
                        "operationId": "GetAsyncCreateSessionResult",
                        "apiId": "/providers/Microsoft.PowerApps/apis/shared_excelhelper-5ffea3d5cead634233-5fa79c28db02f95272"
                      },
                      "parameters": {
                        "x-location": "@outputs('Create_Excel_Session')?['body/location']"
                      },
                      "authentication": {
                        "type": "Raw",
                        "value": "@json(decodeBase64(triggerOutputs().headers['X-MS-APIM-Tokens']))['$ConnectionKey']"
                      }
                    }
                  },
                  "Update_varAsyncStatus": {
                    "runAfter": {
                      "Poll_async_session": [
                        "Succeeded"
                      ]
                    },
                    "metadata": {
                      "operationMetadataId": "ec032b05-0f07-45ec-8565-02187352f068"
                    },
                    "type": "SetVariable",
                    "inputs": {
                      "name": "varSessionStatus",
                      "value": {
                        "status": "@{outputs('Poll_async_session')?['body/status']}",
                        "location": "@{outputs('Poll_async_session')?['body/resourceLocation']}"
                      }
                    }
                  }
                },
                "runAfter": {
                  "Set_varAsyncStatus": [
                    "Succeeded"
                  ]
                },
                "expression": "@equals(variables('varSessionStatus')['status'], 'succeeded')",
                "limit": {
                  "count": 60,
                  "timeout": "PT1H"
                },
                "metadata": {
                  "operationMetadataId": "c520791d-5f13-44f9-bacf-30aea010027d"
                },
                "type": "Until"
              },
              "Get_Async_Create_Session_Value": {
                "runAfter": {
                  "Do_until": [
                    "Succeeded"
                  ]
                },
                "metadata": {
                  "operationMetadataId": "bc193f5a-5868-4dec-8fe2-16a45fc60e4d"
                },
                "type": "OpenApiConnection",
                "inputs": {
                  "host": {
                    "connectionName": "shared_excelhelper-5ffea3d5cead634233-5fa79c28db02f95272_1",
                    "operationId": "GetAsyncCreateSessionValue",
                    "apiId": "/providers/Microsoft.PowerApps/apis/shared_excelhelper-5ffea3d5cead634233-5fa79c28db02f95272"
                  },
                  "parameters": {
                    "x-location": "@variables('varSessionStatus')['location']"
                  },
                  "authentication": {
                    "type": "Raw",
                    "value": "@json(decodeBase64(triggerOutputs().headers['X-MS-APIM-Tokens']))['$ConnectionKey']"
                  }
                }
              },
              "Set_Session_Id": {
                "runAfter": {
                  "Get_Async_Create_Session_Value": [
                    "Succeeded"
                  ]
                },
                "metadata": {
                  "operationMetadataId": "f0edf7ad-b605-4662-ab57-cd40a888a6ce"
                },
                "type": "SetVariable",
                "inputs": {
                  "name": "varSessionStatus",
                  "value": {
                    "id": "@{outputs('Get_Async_Create_Session_Value')?['body/id']}"
                  }
                }
              }
            }
          },
          "expression": {
            "greater": [
              "@length(coalesce(body('Create_Excel_Session')?['id'],''))",
              0
            ]
          },
          "metadata": {
            "operationMetadataId": "465c86be-54b3-4d30-9791-02538233d425"
          },
          "type": "If"
        },
        "Get_Worksheets": {
          "runAfter": {
            "Log_Extracting_Worksheets": [
              "Succeeded"
            ]
          },
          "metadata": {
            "operationMetadataId": "2d1b75ef-9e57-4ffb-bddf-c1818c13aa21"
          },
          "type": "OpenApiConnection",
          "inputs": {
            "host": {
              "connectionName": "shared_excelhelper-5ffea3d5cead634233-5fa79c28db02f95272_1",
              "operationId": "GetWorksheets",
              "apiId": ""
            },
            "parameters": {
              "siteId": "@body('Parse_JSON')?['SiteId']",
              "driveId": "@body('Parse_JSON')?['DriveId']",
              "itemId": "@outputs('Get_File_Item_Id')?['body/id']",
              "workbook-session-id": "@variables('varSessionStatus')['id']"
            },
            "authentication": {
              "type": "Raw",
              "value": "@json(decodeBase64(triggerOutputs().headers['X-MS-APIM-Tokens']))['$ConnectionKey']"
            }
          }
        },
        "Update_Total_Worksheets": {
          "runAfter": {
            "Filter_only_visible_sheets": [
              "Succeeded"
            ]
          },
          "metadata": {
            "operationMetadataId": "cd6210d0-cf72-4642-9a88-792c105f818d"
          },
          "type": "OpenApiConnection",
          "inputs": {
            "host": {
              "connectionName": "shared_commondataserviceforapps_1",
              "operationId": "UpdateRecord",
              "apiId": "/providers/Microsoft.PowerApps/apis/shared_commondataserviceforapps"
            },
            "parameters": {
              "entityName": "msdemo_oneviewuploads",
              "recordId": "@body('Parse_JSON')?['UploadItem']",
              "item/msdemo_totalsheets": "@length(body('Filter_only_visible_sheets'))",
              "item/msdemo_uploadstatus": 2002
            },
            "authentication": {
              "type": "Raw",
              "value": "@json(decodeBase64(triggerOutputs().headers['X-MS-APIM-Tokens']))['$ConnectionKey']"
            }
          }
        },
        "Log_File_Upload": {
          "runAfter": {
            "Respond_to_a_PowerApp_or_flow": [
              "Succeeded"
            ]
          },
          "metadata": {
            "operationMetadataId": "ed038499-0cd6-46d4-9870-d61c2f78122e"
          },
          "type": "OpenApiConnection",
          "inputs": {
            "host": {
              "connectionName": "shared_commondataserviceforapps_1",
              "operationId": "CreateRecord",
              "apiId": "/providers/Microsoft.PowerApps/apis/shared_commondataserviceforapps"
            },
            "parameters": {
              "entityName": "msdemo_oneviewuploadlogs",
              "item/msdemo_name": "Upload #@{body('Parse_JSON')?['UploadNumber']} starts. Uploading file to SharePoint.",
              "item/msdemo_Upload@odata.bind": "msdemo_oneviewuploads(@{body('Parse_JSON')?['UploadItem']})"
            },
            "authentication": {
              "type": "Raw",
              "value": "@json(decodeBase64(triggerOutputs().headers['X-MS-APIM-Tokens']))['$ConnectionKey']"
            }
          }
        },
        "Log_Excel_Session": {
          "runAfter": {
            "varTotalRows": [
              "Succeeded"
            ]
          },
          "metadata": {
            "operationMetadataId": "ad3069c4-0fc3-4dff-8199-be75ff59127a"
          },
          "type": "OpenApiConnection",
          "inputs": {
            "host": {
              "connectionName": "shared_commondataserviceforapps_1",
              "operationId": "CreateRecord",
              "apiId": "/providers/Microsoft.PowerApps/apis/shared_commondataserviceforapps"
            },
            "parameters": {
              "entityName": "msdemo_oneviewuploadlogs",
              "item/msdemo_name": "Reading Excel file",
              "item/msdemo_Upload@odata.bind": "msdemo_oneviewuploads(@{body('Parse_JSON')?['UploadItem']})"
            },
            "authentication": {
              "type": "Raw",
              "value": "@json(decodeBase64(triggerOutputs().headers['X-MS-APIM-Tokens']))['$ConnectionKey']"
            }
          }
        },
        "Log_Extracting_Worksheets": {
          "runAfter": {
            "If_Session_ID_available": [
              "Succeeded"
            ]
          },
          "metadata": {
            "operationMetadataId": "75487a51-4a45-4ef6-b35b-1b6b171f08d7"
          },
          "type": "OpenApiConnection",
          "inputs": {
            "host": {
              "connectionName": "shared_commondataserviceforapps_1",
              "operationId": "CreateRecord",
              "apiId": "/providers/Microsoft.PowerApps/apis/shared_commondataserviceforapps"
            },
            "parameters": {
              "entityName": "msdemo_oneviewuploadlogs",
              "item/msdemo_name": "Extracting worksheets",
              "item/msdemo_Upload@odata.bind": "msdemo_oneviewuploads(@{body('Parse_JSON')?['UploadItem']})"
            },
            "authentication": {
              "type": "Raw",
              "value": "@json(decodeBase64(triggerOutputs().headers['X-MS-APIM-Tokens']))['$ConnectionKey']"
            }
          }
        },
        "Second_Pass_-_Update_Closed_Records": {
          "actions": {
            "Log_Start_Second_Pass_Validation": {
              "runAfter": {},
              "metadata": {
                "operationMetadataId": "fc3f358d-3828-4618-a5af-7e679393052f"
              },
              "type": "OpenApiConnection",
              "inputs": {
                "host": {
                  "connectionName": "shared_commondataserviceforapps_1",
                  "operationId": "CreateRecord",
                  "apiId": "/providers/Microsoft.PowerApps/apis/shared_commondataserviceforapps"
                },
                "parameters": {
                  "entityName": "msdemo_oneviewuploadlogs",
                  "item/msdemo_name": "Retrieving records not closed and not in Upload #@{body('Parse_JSON')?['UploadNumber']}",
                  "item/msdemo_Upload@odata.bind": "msdemo_oneviewuploads(@{body('Parse_JSON')?['UploadItem']})"
                },
                "authentication": {
                  "type": "Raw",
                  "value": "@json(decodeBase64(triggerOutputs().headers['X-MS-APIM-Tokens']))['$ConnectionKey']"
                }
              }
            },
            "Get_Past_Uploads": {
              "runAfter": {
                "Update_Status_Validating": [
                  "Succeeded"
                ]
              },
              "metadata": {
                "operationMetadataId": "6d441c20-0f20-4bb0-a7ea-cbcf60bef96e"
              },
              "type": "OpenApiConnection",
              "inputs": {
                "host": {
                  "connectionName": "shared_commondataserviceforapps_1",
                  "operationId": "ListRecords",
                  "apiId": "/providers/Microsoft.PowerApps/apis/shared_commondataserviceforapps"
                },
                "parameters": {
                  "entityName": "@body('Parse_JSON')?['TableCollectionName']",
                  "$select": "@body('Parse_JSON')?['GuidColumn']",
                  "$filter": "@{body('Parse_JSON')?['TrackingColumnName']} ne '@{body('Parse_JSON')?['UploadNumber']}' and (msdemo_recordstatus eq null or msdemo_recordstatus ne true)"
                },
                "authentication": {
                  "type": "Raw",
                  "value": "@json(decodeBase64(triggerOutputs().headers['X-MS-APIM-Tokens']))['$ConnectionKey']"
                }
              }
            },
            "Select_for_Updates": {
              "runAfter": {
                "Get_Past_Uploads": [
                  "Succeeded"
                ]
              },
              "metadata": {
                "operationMetadataId": "d9418b36-2f44-46c8-94a9-62483b12f694"
              },
              "type": "Select",
              "inputs": {
                "from": "@outputs('Get_Past_Uploads')?['body/value']",
                "select": {
                  "@body('Parse_JSON')?['GuidColumn']": "@item()[body('Parse_JSON')?['GuidColumn']]",
                  "@@odata.type": "Microsoft.Dynamics.CRM.@{body('Parse_JSON')?['TableName']}",
                  "msdemo_recordstatus": "true"
                }
              }
            },
            "If_updates_required": {
              "actions": {
                "Update_Multiple": {
                  "runAfter": {},
                  "metadata": {
                    "operationMetadataId": "420b0ee8-c919-4ae9-be4a-f647d1473513"
                  },
                  "type": "Http",
                  "inputs": {
                    "method": "POST",
                    "uri": "https://org0abac285.crm5.dynamics.com/api/data/v9.1/UpdateMultipleLegacy",
                    "headers": {
                      "Content-Type": "application/json"
                    },
                    "body": "@addProperty(json('{}'), 'Target', body('Select_for_Updates'))",
                    "authentication": {
                      "type": "ActiveDirectoryOAuth",
                      "authority": "https://login.microsoftonline.com",
                      "tenant": "1e2de221-67c0-4d57-8642-d86bcec846c2",
                      "audience": "https://org0abac285.crm5.dynamics.com",
                      "clientId": "1a0d45cb-ea55-45b5-9b42-84656cb6a902",
                      "secret": "jEQ8Q~KwizmfVJupVlcYqisaBJUk.p55lM6YlalG"
                    },
                    "retryPolicy": {
                      "type": "none"
                    }
                  }
                },
                "Log_Update_Validation_Records": {
                  "runAfter": {
                    "Update_Multiple": [
                      "Succeeded"
                    ]
                  },
                  "metadata": {
                    "operationMetadataId": "452cf7b8-fce9-425f-a465-51a67ce0747d"
                  },
                  "type": "OpenApiConnection",
                  "inputs": {
                    "host": {
                      "connectionName": "shared_commondataserviceforapps_1",
                      "operationId": "CreateRecord",
                      "apiId": "/providers/Microsoft.PowerApps/apis/shared_commondataserviceforapps"
                    },
                    "parameters": {
                      "entityName": "msdemo_oneviewuploadlogs",
                      "item/msdemo_name": "Updated @{length(body('Select_for_Updates'))}",
                      "item/msdemo_Upload@odata.bind": "msdemo_oneviewuploads(@{body('Parse_JSON')?['UploadItem']})"
                    },
                    "authentication": {
                      "type": "Raw",
                      "value": "@json(decodeBase64(triggerOutputs().headers['X-MS-APIM-Tokens']))['$ConnectionKey']"
                    }
                  }
                },
                "Update_Initial_SkipToken": {
                  "runAfter": {
                    "Log_Update_Validation_Records": [
                      "Succeeded"
                    ]
                  },
                  "metadata": {
                    "operationMetadataId": "4acce77c-2af2-4921-a8a1-68a670f3be8e"
                  },
                  "type": "SetVariable",
                  "inputs": {
                    "name": "varSkipToken",
                    "value": "@{decodeUriComponent(first(split(last(split(\r\n    body('Get_Past_Uploads')?['@odata.nextLink'],\r\n    '$skiptoken='\r\n)),'&')))}"
                  }
                },
                "Do_until_no_more_pages": {
                  "actions": {
                    "Get_Past_Uploads_Next": {
                      "runAfter": {},
                      "metadata": {
                        "operationMetadataId": "aebcef32-bb37-43ff-9160-fad490596cfa"
                      },
                      "type": "OpenApiConnection",
                      "inputs": {
                        "host": {
                          "connectionName": "shared_commondataserviceforapps_1",
                          "operationId": "ListRecords",
                          "apiId": "/providers/Microsoft.PowerApps/apis/shared_commondataserviceforapps"
                        },
                        "parameters": {
                          "entityName": "@body('Parse_JSON')?['TableCollectionName']",
                          "$select": "@body('Parse_JSON')?['GuidColumn']",
                          "$filter": "@{body('Parse_JSON')?['TrackingColumnName']} ne '@{body('Parse_JSON')?['UploadNumber']}' and (msdemo_recordstatus eq null or msdemo_recordstatus ne true)",
                          "$skiptoken": "@variables('varSkipToken')"
                        },
                        "authentication": {
                          "type": "Raw",
                          "value": "@json(decodeBase64(triggerOutputs().headers['X-MS-APIM-Tokens']))['$ConnectionKey']"
                        }
                      }
                    },
                    "Update_SkipToken": {
                      "runAfter": {
                        "Update_Multiple_Next": [
                          "Succeeded"
                        ]
                      },
                      "metadata": {
                        "operationMetadataId": "df5b12c9-8428-432a-9cb7-f4ea74c23ce2"
                      },
                      "type": "SetVariable",
                      "inputs": {
                        "name": "varSkipToken",
                        "value": "@{decodeUriComponent(first(split(last(split(coalesce(body('Get_Past_Uploads_Next')?['@odata.nextLink'], ''), '$skiptoken=')), '&')))}"
                      }
                    },
                    "Select_more_Updates": {
                      "runAfter": {
                        "Get_Past_Uploads_Next": [
                          "Succeeded"
                        ]
                      },
                      "metadata": {
                        "operationMetadataId": "b76d6572-7b17-4b42-ae7a-2ceaa09f318a"
                      },
                      "type": "Select",
                      "inputs": {
                        "from": "@outputs('Get_Past_Uploads_Next')?['body/value']",
                        "select": {
                          "@body('Parse_JSON')?['GuidColumn']": "@item()[body('Parse_JSON')?['GuidColumn']]",
                          "@@odata.type": "Microsoft.Dynamics.CRM.@{body('Parse_JSON')?['TableName']}",
                          "msdemo_recordstatus": "true"
                        }
                      }
                    },
                    "Update_Multiple_Next": {
                      "runAfter": {
                        "Select_more_Updates": [
                          "Succeeded"
                        ]
                      },
                      "metadata": {
                        "operationMetadataId": "420b0ee8-c919-4ae9-be4a-f647d1473513"
                      },
                      "type": "Http",
                      "inputs": {
                        "method": "POST",
                        "uri": "https://org0abac285.crm5.dynamics.com/api/data/v9.1/UpdateMultipleLegacy",
                        "headers": {
                          "Content-Type": "application/json"
                        },
                        "body": "@addProperty(json('{}'), 'Target', body('Select_more_Updates'))",
                        "authentication": {
                          "type": "ActiveDirectoryOAuth",
                          "authority": "https://login.microsoftonline.com",
                          "tenant": "1e2de221-67c0-4d57-8642-d86bcec846c2",
                          "audience": "https://org0abac285.crm5.dynamics.com",
                          "clientId": "1a0d45cb-ea55-45b5-9b42-84656cb6a902",
                          "secret": "jEQ8Q~KwizmfVJupVlcYqisaBJUk.p55lM6YlalG"
                        },
                        "retryPolicy": {
                          "type": "none"
                        }
                      }
                    },
                    "Log_Update_more_Validation_Records": {
                      "runAfter": {
                        "Update_SkipToken": [
                          "Succeeded"
                        ]
                      },
                      "metadata": {
                        "operationMetadataId": "452cf7b8-fce9-425f-a465-51a67ce0747d"
                      },
                      "type": "OpenApiConnection",
                      "inputs": {
                        "host": {
                          "connectionName": "shared_commondataserviceforapps_1",
                          "operationId": "CreateRecord",
                          "apiId": "/providers/Microsoft.PowerApps/apis/shared_commondataserviceforapps"
                        },
                        "parameters": {
                          "entityName": "msdemo_oneviewuploadlogs",
                          "item/msdemo_name": "Updated @{length(body('Select_for_Updates'))}",
                          "item/msdemo_Upload@odata.bind": "msdemo_oneviewuploads(@{body('Parse_JSON')?['UploadItem']})"
                        },
                        "authentication": {
                          "type": "Raw",
                          "value": "@json(decodeBase64(triggerOutputs().headers['X-MS-APIM-Tokens']))['$ConnectionKey']"
                        }
                      }
                    }
                  },
                  "runAfter": {
                    "Update_Initial_SkipToken": [
                      "Succeeded"
                    ]
                  },
                  "expression": "@equals(length(coalesce(variables('varSkipToken'), '')), 0)",
                  "limit": {
                    "count": 60,
                    "timeout": "PT1H"
                  },
                  "metadata": {
                    "operationMetadataId": "59207467-bd13-472d-9599-a4ee330396d6"
                  },
                  "type": "Until"
                }
              },
              "runAfter": {
                "Select_for_Updates": [
                  "Succeeded"
                ]
              },
              "expression": {
                "greater": [
                  "@length(body('Select_for_Updates'))",
                  0
                ]
              },
              "metadata": {
                "operationMetadataId": "47725b5c-4ddd-4790-ab15-2929c1d1d1ab"
              },
              "type": "If"
            },
            "Update_Status_Validating": {
              "runAfter": {
                "Log_Start_Second_Pass_Validation": [
                  "Succeeded"
                ]
              },
              "metadata": {
                "operationMetadataId": "0304f04d-9bb0-495f-ac47-40974209e8e7"
              },
              "type": "OpenApiConnection",
              "inputs": {
                "host": {
                  "connectionName": "shared_commondataserviceforapps_1",
                  "operationId": "UpdateRecord",
                  "apiId": "/providers/Microsoft.PowerApps/apis/shared_commondataserviceforapps"
                },
                "parameters": {
                  "entityName": "msdemo_oneviewuploads",
                  "recordId": "@body('Parse_JSON')?['UploadItem']",
                  "item/msdemo_uploadstatus": 2003
                },
                "authentication": {
                  "type": "Raw",
                  "value": "@json(decodeBase64(triggerOutputs().headers['X-MS-APIM-Tokens']))['$ConnectionKey']"
                }
              }
            }
          },
          "runAfter": {
            "varSkipToken": [
              "Succeeded"
            ]
          },
          "metadata": {
            "operationMetadataId": "1b5f9304-c0ef-4af2-9f78-aaffdcf8dc28"
          },
          "type": "Scope"
        },
        "First_Pass_-_Upsert_Records": {
          "actions": {
            "Each_sheet": {
              "foreach": "@body('Filter_only_visible_sheets')",
              "actions": {
                "Update_Total_Records": {
                  "runAfter": {
                    "Log_Reading_data": [
                      "Succeeded"
                    ]
                  },
                  "metadata": {
                    "operationMetadataId": "a7dc1c8d-2128-4c26-bb90-dd9d645127a1"
                  },
                  "type": "OpenApiConnection",
                  "inputs": {
                    "host": {
                      "connectionName": "shared_commondataserviceforapps_1",
                      "operationId": "UpdateRecord",
                      "apiId": "/providers/Microsoft.PowerApps/apis/shared_commondataserviceforapps"
                    },
                    "parameters": {
                      "entityName": "msdemo_oneviewuploads",
                      "recordId": "@body('Parse_JSON')?['UploadItem']",
                      "item/msdemo_totalrows": "@variables('varTotalRows')"
                    },
                    "authentication": {
                      "type": "Raw",
                      "value": "@json(decodeBase64(triggerOutputs().headers['X-MS-APIM-Tokens']))['$ConnectionKey']"
                    }
                  }
                },
                "Get_Used_Range": {
                  "runAfter": {},
                  "metadata": {
                    "operationMetadataId": "2db63284-29eb-4504-bfd5-22bfccb8b0e4"
                  },
                  "type": "OpenApiConnection",
                  "inputs": {
                    "host": {
                      "connectionName": "shared_excelhelper-5ffea3d5cead634233-5fa79c28db02f95272_1",
                      "operationId": "GetUsedRange",
                      "apiId": "/providers/Microsoft.PowerApps/apis/shared_excelhelper-5ffea3d5cead634233-5fa79c28db02f95272"
                    },
                    "parameters": {
                      "siteId": "@body('Parse_JSON')?['SiteId']",
                      "driveId": "@body('Parse_JSON')?['DriveId']",
                      "itemId": "@outputs('Get_File_Item_Id')?['body/id']",
                      "sheetName": "@items('Each_sheet')?['name']",
                      "workbook-session-id": "@variables('varSessionStatus')['id']"
                    },
                    "authentication": {
                      "type": "Raw",
                      "value": "@json(decodeBase64(triggerOutputs().headers['X-MS-APIM-Tokens']))['$ConnectionKey']"
                    }
                  }
                },
                "Log_Reading_data": {
                  "runAfter": {
                    "Add_Total_Rows": [
                      "Succeeded"
                    ]
                  },
                  "metadata": {
                    "operationMetadataId": "538d2bef-968d-415b-98e6-46b364051aad"
                  },
                  "type": "OpenApiConnection",
                  "inputs": {
                    "host": {
                      "connectionName": "shared_commondataserviceforapps_1",
                      "operationId": "CreateRecord",
                      "apiId": "/providers/Microsoft.PowerApps/apis/shared_commondataserviceforapps"
                    },
                    "parameters": {
                      "entityName": "msdemo_oneviewuploadlogs",
                      "item/msdemo_name": "Extracting @{outputs('Get_Used_Range')?['body/address']} [@{variables('varTotalRows')} rows]",
                      "item/msdemo_Upload@odata.bind": "msdemo_oneviewuploads(@{body('Parse_JSON')?['UploadItem']})"
                    },
                    "authentication": {
                      "type": "Raw",
                      "value": "@json(decodeBase64(triggerOutputs().headers['X-MS-APIM-Tokens']))['$ConnectionKey']"
                    }
                  }
                },
                "Add_Total_Rows": {
                  "runAfter": {
                    "Get_Used_Range": [
                      "Succeeded"
                    ]
                  },
                  "metadata": {
                    "operationMetadataId": "b947ae06-3b8b-4788-87c7-f2cc6f3a2f29"
                  },
                  "type": "IncrementVariable",
                  "inputs": {
                    "name": "varTotalRows",
                    "value": "@sub(div(outputs('Get_Used_Range')?['body/cellCount'], outputs('Get_Used_Range')?['body/columnCount']), sub(body('Parse_JSON')?['StartRow'],1))"
                  }
                },
                "Apply_to_each_Batch": {
                  "foreach": "@outputs('Get_Address_Range_Batch')?['body/Batch']",
                  "actions": {
                    "Get_Rows": {
                      "runAfter": {},
                      "metadata": {
                        "operationMetadataId": "1a237991-d113-45fc-820b-5b6f037ca274"
                      },
                      "type": "OpenApiConnection",
                      "inputs": {
                        "host": {
                          "connectionName": "shared_excelhelper-5ffea3d5cead634233-5fa79c28db02f95272_1",
                          "operationId": "GetRows",
                          "apiId": "/providers/Microsoft.PowerApps/apis/shared_excelhelper-5ffea3d5cead634233-5fa79c28db02f95272"
                        },
                        "parameters": {
                          "workbook-session-id": "@variables('varSessionStatus')['id']",
                          "siteId": "@body('Parse_JSON')?['SiteId']",
                          "driveId": "@body('Parse_JSON')?['DriveId']",
                          "itemId": "@outputs('Get_File_Item_Id')?['body/id']",
                          "sheetName": "@first(split(outputs('Get_Used_Range')?['body/address'], '!'))",
                          "address": "@item()"
                        },
                        "authentication": {
                          "type": "Raw",
                          "value": "@json(decodeBase64(triggerOutputs().headers['X-MS-APIM-Tokens']))['$ConnectionKey']"
                        },
                        "retryPolicy": {
                          "type": "exponential",
                          "count": 4,
                          "interval": "PT5S",
                          "minimumInterval": "PT5S",
                          "maximumInterval": "PT40S"
                        }
                      }
                    },
                    "Convert_Data_For_XMultiple": {
                      "runAfter": {
                        "Log_Upsert_Batch_Starts": [
                          "Succeeded"
                        ]
                      },
                      "metadata": {
                        "operationMetadataId": "de552dec-0684-4dc8-adfc-c067055b574d"
                      },
                      "type": "OpenApiConnection",
                      "inputs": {
                        "host": {
                          "connectionName": "shared_excelhelper-5ffea3d5cead634233-5fa79c28db02f95272_1",
                          "operationId": "ConvertDataForXMultiple",
                          "apiId": "/providers/Microsoft.PowerApps/apis/shared_excelhelper-5ffea3d5cead634233-5fa79c28db02f95272"
                        },
                        "parameters": {
                          "x-Columns": "@body('Parse_JSON')?['Columns']",
                          "x-TrackerColumn": "@body('Parse_JSON')?['TrackingColumnName']",
                          "x-TrackerValue": "@body('Parse_JSON')?['UploadNumber']",
                          "x-TableName": "@body('Parse_JSON')?['TableName']",
                          "body": "@string(body('Get_Rows')?['text'])",
                          "x-GuidColumn": "@body('Parse_JSON')?['GuidColumn']",
                          "x-PrimaryColumn": "@body('Parse_JSON')?['PrimaryColumn']"
                        },
                        "authentication": {
                          "type": "Raw",
                          "value": "@json(decodeBase64(triggerOutputs().headers['X-MS-APIM-Tokens']))['$ConnectionKey']"
                        }
                      }
                    },
                    "UpsertMultiple": {
                      "runAfter": {
                        "Convert_Data_For_XMultiple": [
                          "Succeeded"
                        ]
                      },
                      "metadata": {
                        "operationMetadataId": "420b0ee8-c919-4ae9-be4a-f647d1473513"
                      },
                      "type": "Http",
                      "inputs": {
                        "method": "POST",
                        "uri": "@{outputs('Config')['orgUrl']}/api/data/v9.1/UpsertMultipleLegacy",
                        "headers": {
                          "Content-Type": "application/json"
                        },
                        "body": "@addProperty(json('{}'), 'Target', body('Convert_Data_For_XMultiple'))",
                        "authentication": {
                          "type": "ActiveDirectoryOAuth",
                          "authority": "https://login.microsoftonline.com",
                          "tenant": "@{outputs('Config')['tenantId']}",
                          "audience": "@{outputs('Config')['orgUrl']}",
                          "clientId": "@{outputs('Config')['appId']}",
                          "secret": "@{outputs('Config')['appSecret']}"
                        }
                      }
                    },
                    "Update_Rows_Completed": {
                      "runAfter": {
                        "Count_Rows": [
                          "Succeeded"
                        ]
                      },
                      "metadata": {
                        "operationMetadataId": "4610a711-7667-4176-b18d-f3f74125d926"
                      },
                      "type": "OpenApiConnection",
                      "inputs": {
                        "host": {
                          "connectionName": "shared_commondataserviceforapps_1",
                          "operationId": "UpdateRecord",
                          "apiId": "/providers/Microsoft.PowerApps/apis/shared_commondataserviceforapps"
                        },
                        "parameters": {
                          "entityName": "msdemo_oneviewuploads",
                          "recordId": "@body('Parse_JSON')?['UploadItem']",
                          "item/msdemo_totalrowscompleted": "@body('Count_Rows')['@odata.count']",
                          "item/msdemo_uploadstatus": 2001
                        },
                        "authentication": {
                          "type": "Raw",
                          "value": "@json(decodeBase64(triggerOutputs().headers['X-MS-APIM-Tokens']))['$ConnectionKey']"
                        }
                      }
                    },
                    "Count_Rows": {
                      "runAfter": {
                        "UpsertMultiple": [
                          "Succeeded"
                        ]
                      },
                      "metadata": {
                        "operationMetadataId": "9000f683-49d4-4347-b744-606b5df0d8f4"
                      },
                      "type": "Http",
                      "inputs": {
                        "method": "GET",
                        "uri": "@{outputs('Config')['orgUrl']}/api/data/v9.2/@{body('Parse_JSON')?['TableCollectionName']}?$count=true&$select=createdon&$filter=@{body('Parse_JSON')?['TrackingColumnName']} eq '@{body('Parse_JSON')?['UploadNumber']}'",
                        "authentication": {
                          "type": "ActiveDirectoryOAuth",
                          "authority": "https://login.microsoftonline.com",
                          "tenant": "@{outputs('Config')['tenantId']}",
                          "audience": "@{outputs('Config')['orgUrl']}",
                          "clientId": "@{outputs('Config')['appId']}",
                          "secret": "@{outputs('Config')['appSecret']}"
                        }
                      }
                    },
                    "Log_Upsert_Batch_Starts": {
                      "runAfter": {
                        "Get_Rows": [
                          "Succeeded"
                        ]
                      },
                      "metadata": {
                        "operationMetadataId": "96b95066-d45f-48e6-96d9-a2d5d7aa1dbe"
                      },
                      "type": "OpenApiConnection",
                      "inputs": {
                        "host": {
                          "connectionName": "shared_commondataserviceforapps_1",
                          "operationId": "CreateRecord",
                          "apiId": "/providers/Microsoft.PowerApps/apis/shared_commondataserviceforapps"
                        },
                        "parameters": {
                          "entityName": "msdemo_oneviewuploadlogs",
                          "item/msdemo_name": "Batch @{item()} [@{items('Each_sheet')?['name']}] started.",
                          "item/msdemo_Upload@odata.bind": "msdemo_oneviewuploads(@{body('Parse_JSON')?['UploadItem']})"
                        },
                        "authentication": {
                          "type": "Raw",
                          "value": "@json(decodeBase64(triggerOutputs().headers['X-MS-APIM-Tokens']))['$ConnectionKey']"
                        }
                      }
                    },
                    "Log_Upsert_Batch_Completes": {
                      "runAfter": {
                        "Update_Rows_Completed": [
                          "Succeeded"
                        ]
                      },
                      "metadata": {
                        "operationMetadataId": "fc3f358d-3828-4618-a5af-7e679393052f"
                      },
                      "type": "OpenApiConnection",
                      "inputs": {
                        "host": {
                          "connectionName": "shared_commondataserviceforapps_1",
                          "operationId": "CreateRecord",
                          "apiId": "/providers/Microsoft.PowerApps/apis/shared_commondataserviceforapps"
                        },
                        "parameters": {
                          "entityName": "msdemo_oneviewuploadlogs",
                          "item/msdemo_name": "Batch @{item()} [@{items('Each_sheet')?['name']}] completed.",
                          "item/msdemo_Upload@odata.bind": "msdemo_oneviewuploads(@{body('Parse_JSON')?['UploadItem']})"
                        },
                        "authentication": {
                          "type": "Raw",
                          "value": "@json(decodeBase64(triggerOutputs().headers['X-MS-APIM-Tokens']))['$ConnectionKey']"
                        }
                      }
                    }
                  },
                  "runAfter": {
                    "Get_Address_Range_Batch": [
                      "Succeeded"
                    ]
                  },
                  "metadata": {
                    "operationMetadataId": "313a640a-316e-478a-a9f2-963d62d1ee0b"
                  },
                  "type": "Foreach",
                  "description": "Concurrency = 10",
                  "runtimeConfiguration": {
                    "concurrency": {
                      "repetitions": 10
                    }
                  }
                },
                "Get_Address_Range_Batch": {
                  "runAfter": {
                    "Log_Reading_data": [
                      "Succeeded"
                    ]
                  },
                  "metadata": {
                    "operationMetadataId": "85e4dec6-e854-4000-823e-2f4d0fd1502e"
                  },
                  "type": "OpenApiConnection",
                  "inputs": {
                    "host": {
                      "connectionName": "shared_excelhelper-5ffea3d5cead634233-5fa79c28db02f95272_1",
                      "operationId": "GetAddressRangeBatch",
                      "apiId": "/providers/Microsoft.PowerApps/apis/shared_excelhelper-5ffea3d5cead634233-5fa79c28db02f95272"
                    },
                    "parameters": {
                      "x-Address": "@last(split(outputs('Get_Used_Range')?['body/address'],'!'))",
                      "x-BatchSize": "@body('Parse_JSON')?['BatchSize']",
                      "x-StartRow": "@body('Parse_JSON')?['StartRow']"
                    },
                    "authentication": {
                      "type": "Raw",
                      "value": "@json(decodeBase64(triggerOutputs().headers['X-MS-APIM-Tokens']))['$ConnectionKey']"
                    },
                    "retryPolicy": {
                      "type": "exponential",
                      "count": 4,
                      "interval": "PT5S",
                      "minimumInterval": "PT5S",
                      "maximumInterval": "PT40S"
                    }
                  }
                }
              },
              "runAfter": {},
              "metadata": {
                "operationMetadataId": "40914dbc-0d31-4757-bada-d6a02dfea525"
              },
              "type": "Foreach",
              "description": "Concurrency: 3 (use Concurrency settings to control how many sheets are processed concurrently)",
              "runtimeConfiguration": {
                "concurrency": {
                  "repetitions": 3
                }
              }
            }
          },
          "runAfter": {
            "Update_Total_Worksheets": [
              "Succeeded"
            ]
          },
          "metadata": {
            "operationMetadataId": "ea7962a6-130c-41f2-8d90-ba7d88e8c8fe"
          },
          "type": "Scope"
        },
        "varSkipToken": {
          "runAfter": {
            "First_Pass_-_Upsert_Records": [
              "Succeeded"
            ]
          },
          "metadata": {
            "operationMetadataId": "1e09ce31-d92e-4343-82c3-d65670b53bd1"
          },
          "type": "InitializeVariable",
          "inputs": {
            "variables": [
              {
                "name": "varSkipToken",
                "type": "string"
              }
            ]
          }
        },
        "Update_Overall_Status": {
          "runAfter": {
            "Log_Update_Completion": [
              "Succeeded"
            ]
          },
          "metadata": {
            "operationMetadataId": "0304f04d-9bb0-495f-ac47-40974209e8e7"
          },
          "type": "OpenApiConnection",
          "inputs": {
            "host": {
              "connectionName": "shared_commondataserviceforapps_1",
              "operationId": "UpdateRecord",
              "apiId": "/providers/Microsoft.PowerApps/apis/shared_commondataserviceforapps"
            },
            "parameters": {
              "entityName": "msdemo_oneviewuploads",
              "recordId": "@body('Parse_JSON')?['UploadItem']",
              "item/msdemo_uploadstatus": 3000
            },
            "authentication": {
              "type": "Raw",
              "value": "@json(decodeBase64(triggerOutputs().headers['X-MS-APIM-Tokens']))['$ConnectionKey']"
            }
          }
        },
        "Log_Update_Completion": {
          "runAfter": {
            "Second_Pass_-_Update_Closed_Records": [
              "Succeeded"
            ],
            "Update_Status": [
              "Succeeded"
            ]
          },
          "metadata": {
            "operationMetadataId": "452cf7b8-fce9-425f-a465-51a67ce0747d"
          },
          "type": "OpenApiConnection",
          "inputs": {
            "host": {
              "connectionName": "shared_commondataserviceforapps_1",
              "operationId": "CreateRecord",
              "apiId": "/providers/Microsoft.PowerApps/apis/shared_commondataserviceforapps"
            },
            "parameters": {
              "entityName": "msdemo_oneviewuploadlogs",
              "item/msdemo_name": "Upload #@{body('Parse_JSON')?['UploadNumber']} completed.",
              "item/msdemo_Upload@odata.bind": "msdemo_oneviewuploads(@{body('Parse_JSON')?['UploadItem']})"
            },
            "authentication": {
              "type": "Raw",
              "value": "@json(decodeBase64(triggerOutputs().headers['X-MS-APIM-Tokens']))['$ConnectionKey']"
            }
          }
        },
        "Filter_only_visible_sheets": {
          "runAfter": {
            "Get_Worksheets": [
              "Succeeded"
            ]
          },
          "metadata": {
            "operationMetadataId": "05160c1c-060b-4215-9971-33bf7ee53bba"
          },
          "type": "Query",
          "inputs": {
            "from": "@outputs('Get_Worksheets')?['body/value']",
            "where": "@equals(item()['visibility'], 'Visible')"
          }
        },
        "Config": {
          "runAfter": {},
          "metadata": {
            "operationMetadataId": "8c8725c3-5670-49a2-b50c-33ac0e8f7f40"
          },
          "type": "Compose",
          "inputs": {
            "appId": "@{parameters('OneView ServicePrincipal Client ID (msdemo_OneViewServicePrincipalClientID)')}",
            "tenantId": "@{parameters('Tenant ID (msdemo_TenantID)')}",
            "appSecret": "@{parameters('OneView ServicePrincipal Secret (msdemo_OneViewServicePrincipalSecret)')}",
            "orgUrl": "@{parameters('Org Url (msdemo_OrgUrl)')}"
          }
        }
      }
    },
    "templateName": ""
  },
  "schemaVersion": "1.0.0.0"
}