{
  "properties": {
    "connectionReferences": {
      "shared_commondataserviceforapps": {
        "impersonation": {
          "source": "invoker"
        },
        "runtimeSource": "embedded",
        "connection": {
          "connectionReferenceLogicalName": "cat_DemoUploadDataverse"
        },
        "api": {
          "name": "shared_commondataserviceforapps"
        }
      },
      "shared_sharepointonline_1": {
        "runtimeSource": "embedded",
        "connection": {
          "connectionReferenceLogicalName": "cat_DemoUploadSharePoint"
        },
        "api": {
          "name": "shared_sharepointonline"
        }
      },
      "shared_msdemo-5fexcelhelper-5f7cf423a2305ebda7": {
        "runtimeSource": "embedded",
        "connection": {
          "connectionReferenceLogicalName": "cat_DemoUploadExcelHelper"
        },
        "api": {
          "name": "shared_msdemo-5fexcelhelper-5f7cf423a2305ebda7",
          "logicalName": "msdemo_excelhelper"
        }
      }
    },
    "definition": {
      "$schema": "https://schema.management.azure.com/providers/Microsoft.Logic/schemas/2016-06-01/workflowdefinition.json#",
      "contentVersion": "1.0.0.0",
      "parameters": {
        "$connections": {
          "defaultValue": {},
          "type": "Object"
        },
        "$authentication": {
          "defaultValue": {},
          "type": "SecureObject"
        }
      },
      "triggers": {
        "When_a_row_is_added,_modified_or_deleted": {
          "metadata": {
            "operationMetadataId": "2f86cb9b-a2be-49ed-a9cd-0fe105b7efca"
          },
          "type": "OpenApiConnectionWebhook",
          "inputs": {
            "host": {
              "connectionName": "shared_commondataserviceforapps",
              "operationId": "SubscribeWebhookTrigger",
              "apiId": "/providers/Microsoft.PowerApps/apis/shared_commondataserviceforapps"
            },
            "parameters": {
              "subscriptionRequest/message": 3,
              "subscriptionRequest/entityname": "cat_demoupload",
              "subscriptionRequest/scope": 4,
              "subscriptionRequest/filteringattributes": "cat_file",
              "subscriptionRequest/filterexpression": "cat_uploadstatus eq 'New'",
              "subscriptionRequest/runas": 1
            },
            "authentication": "@parameters('$authentication')"
          }
        }
      },
      "actions": {
        "Download_a_file_or_an_image": {
          "runAfter": {
            "Get_Settings": [
              "Succeeded"
            ]
          },
          "metadata": {
            "operationMetadataId": "129c212b-225b-43d3-9b74-e5125c6718a6"
          },
          "type": "OpenApiConnection",
          "inputs": {
            "host": {
              "connectionName": "shared_commondataserviceforapps",
              "operationId": "GetEntityFileImageFieldContent",
              "apiId": "/providers/Microsoft.PowerApps/apis/shared_commondataserviceforapps"
            },
            "parameters": {
              "entityName": "cat_demouploads",
              "recordId": "@triggerOutputs()?['body/cat_demouploadid']",
              "fileImageFieldName": "cat_file"
            },
            "authentication": "@parameters('$authentication')"
          }
        },
        "Update_Status_Uploading": {
          "runAfter": {
            "Download_a_file_or_an_image": [
              "Succeeded"
            ]
          },
          "metadata": {
            "operationMetadataId": "7609aa8f-ec99-4ee7-ba7e-defe95597e6f"
          },
          "type": "OpenApiConnection",
          "inputs": {
            "host": {
              "connectionName": "shared_commondataserviceforapps",
              "operationId": "UpdateRecord",
              "apiId": "/providers/Microsoft.PowerApps/apis/shared_commondataserviceforapps"
            },
            "parameters": {
              "entityName": "cat_demouploads",
              "recordId": "@triggerOutputs()?['body/cat_demouploadid']",
              "item/cat_uploadstatus": "Processing"
            },
            "authentication": "@parameters('$authentication')"
          }
        },
        "Update_Status_Reading": {
          "runAfter": {
            "Create_file": [
              "Succeeded"
            ]
          },
          "metadata": {
            "operationMetadataId": "132e9979-80df-4fa2-8c5b-8bda9577742d"
          },
          "type": "OpenApiConnection",
          "inputs": {
            "host": {
              "connectionName": "shared_commondataserviceforapps",
              "operationId": "UpdateRecord",
              "apiId": "/providers/Microsoft.PowerApps/apis/shared_commondataserviceforapps"
            },
            "parameters": {
              "entityName": "cat_demouploads",
              "recordId": "@triggerOutputs()?['body/cat_demouploadid']",
              "item/cat_fileid": "@outputs('Create_file')?['body/Id']",
              "item/cat_uploadstatus": "Extracting"
            },
            "authentication": "@parameters('$authentication')"
          }
        },
        "Get_Settings": {
          "runAfter": {},
          "metadata": {
            "operationMetadataId": "6e6c0d65-84e0-4df3-b6b7-455019dcf1b2"
          },
          "type": "OpenApiConnection",
          "inputs": {
            "host": {
              "connectionName": "shared_commondataserviceforapps",
              "operationId": "ListRecords",
              "apiId": "/providers/Microsoft.PowerApps/apis/shared_commondataserviceforapps"
            },
            "parameters": {
              "entityName": "cat_demouploadsettingses",
              "$select": "cat_function,cat_clientid, cat_clientsecret,cat_tenantid, cat_dop, cat_orgurl, cat_tablelogicalname,cat_batchsize,cat_ttl,cat_siteid,cat_driveid,cat_rowoffset,cat_tablecolumns, cat_excelsheetname, cat_sphost, cat_spsitepath, cat_parentlookupcolumn, cat_tablesetname, cat_parentlookupnav, cat_rowoffset",
              "$filter": "cat_demouploadsettingsid eq @{triggerOutputs()?['body/_cat_settings_value']}",
              "$top": 1
            },
            "authentication": "@parameters('$authentication')"
          }
        },
        "Create_file": {
          "runAfter": {
            "Update_Status_Uploading": [
              "Succeeded"
            ]
          },
          "metadata": {
            "operationMetadataId": "e180b307-f1d4-4ffd-bbb3-7dda4d8924eb"
          },
          "type": "OpenApiConnection",
          "inputs": {
            "host": {
              "connectionName": "shared_sharepointonline_1",
              "operationId": "CreateFile",
              "apiId": "/providers/Microsoft.PowerApps/apis/shared_sharepointonline"
            },
            "parameters": {
              "dataset": "https://@{first(body('Get_Settings')?['value'])['cat_sphost']}@{first(body('Get_Settings')?['value'])['cat_spsitepath']}",
              "folderPath": "/Shared Documents",
              "name": "@{guid()}.xlsx",
              "body": "@body('Download_a_file_or_an_image')"
            },
            "authentication": "@parameters('$authentication')"
          },
          "runtimeConfiguration": {
            "contentTransfer": {
              "transferMode": "Chunked"
            }
          }
        },
        "Ingestion_Method": {
          "actions": {
            "Trigger_Function_App": {
              "runAfter": {},
              "metadata": {
                "operationMetadataId": "7a77c3ee-5c7c-4a77-943c-9298071b03e6"
              },
              "type": "Http",
              "inputs": {
                "method": "POST",
                "uri": "@{first(body('Get_Settings')['value'])?['cat_function']}",
                "headers": {
                  "ClientId": "@{first(body('Get_Settings')['value'])?['cat_clientid']}",
                  "ClientSecret": "@{first(body('Get_Settings')['value'])?['cat_clientsecret']}",
                  "TenantId": "@{first(body('Get_Settings')['value'])?['cat_tenantid']}",
                  "DoP": "@{first(body('Get_Settings')['value'])?['cat_dop']}",
                  "OrgUrl": "@{first(body('Get_Settings')['value'])?['cat_orgurl']}",
                  "TableLogicalName": "@{first(body('Get_Settings')['value'])?['cat_tablelogicalname']}",
                  "BatchSize": "@{first(body('Get_Settings')['value'])?['cat_batchsize']}",
                  "TTL": "@{first(body('Get_Settings')['value'])?['cat_ttl']}",
                  "SiteId": "@{first(body('Get_Settings')['value'])?['cat_siteid']}",
                  "DriveId": "@{first(body('Get_Settings')['value'])?['cat_driveid']}",
                  "FileName": "@outputs('Create_file')?['body/Name']",
                  "RowOffset": "@{first(body('Get_Settings')['value'])?['cat_rowoffset']}",
                  "TableColumns": "@{first(body('Get_Settings')['value'])?['cat_tablecolumns']}",
                  "UploadId": "@triggerOutputs()?['body/cat_demouploadid']",
                  "SheetName": "@{first(body('Get_Settings')['value'])?['cat_excelsheetname']}",
                  "AdditionalColumnNames": "cat_customtag",
                  "AdditionalColumnValues": "@triggerOutputs()?['body/cat_customtag']",
                  "OnBehalfUserId": "@triggerOutputs()?['body/_createdby_value']"
                },
                "retryPolicy": {
                  "type": "none"
                }
              },
              "operationOptions": "DisableAsyncPattern, SuppressWorkflowHeaders"
            },
            "Function_App_will_time_out": {
              "runAfter": {
                "Trigger_Function_App": [
                  "TimedOut"
                ]
              },
              "metadata": {
                "operationMetadataId": "cc1cf57c-7638-47ac-9a07-a5abf167d3af"
              },
              "type": "Compose",
              "inputs": "Function app will take longer than 2 minutes and will time out. Check log in Function App for detailed status."
            }
          },
          "runAfter": {
            "Update_Status_Reading": [
              "Succeeded"
            ]
          },
          "else": {
            "actions": {
              "Get_File_Item_Id": {
                "runAfter": {},
                "metadata": {
                  "operationMetadataId": "3dfdde80-5f96-4fce-bd88-c23e7a5a327e"
                },
                "type": "OpenApiConnection",
                "inputs": {
                  "host": {
                    "connectionName": "shared_msdemo-5fexcelhelper-5f7cf423a2305ebda7",
                    "operationId": "GetFileItemId",
                    "apiId": "/providers/Microsoft.PowerApps/apis/shared_msdemo-5fexcelhelper-5f7cf423a2305ebda7"
                  },
                  "parameters": {
                    "siteId": "@first(body('Get_Settings')['value'])?['cat_siteid']",
                    "driveId": "@first(body('Get_Settings')['value'])?['cat_driveid']",
                    "fileName": "@outputs('Create_file')?['body/Name']"
                  },
                  "authentication": "@parameters('$authentication')"
                }
              },
              "Get_Used_Range": {
                "runAfter": {
                  "Get_File_Item_Id": [
                    "Succeeded"
                  ]
                },
                "metadata": {
                  "operationMetadataId": "3020c8a9-52d5-4e9c-a012-5d05d2873897"
                },
                "type": "OpenApiConnection",
                "inputs": {
                  "host": {
                    "connectionName": "shared_msdemo-5fexcelhelper-5f7cf423a2305ebda7",
                    "operationId": "GetUsedRange",
                    "apiId": "/providers/Microsoft.PowerApps/apis/shared_msdemo-5fexcelhelper-5f7cf423a2305ebda7"
                  },
                  "parameters": {
                    "siteId": "@first(body('Get_Settings')['value'])?['cat_siteid']",
                    "driveId": "@first(body('Get_Settings')['value'])?['cat_driveid']",
                    "itemId": "@outputs('Get_File_Item_Id')?['body/id']",
                    "sheetName": "@first(body('Get_Settings')['value'])?['cat_excelsheetname']"
                  },
                  "authentication": "@parameters('$authentication')"
                }
              },
              "Get_Rows": {
                "runAfter": {
                  "Get_Used_Range": [
                    "Succeeded"
                  ]
                },
                "metadata": {
                  "operationMetadataId": "7d21dc52-fd66-4e82-abcf-67a8dfec6f6a"
                },
                "type": "OpenApiConnection",
                "inputs": {
                  "host": {
                    "connectionName": "shared_msdemo-5fexcelhelper-5f7cf423a2305ebda7",
                    "operationId": "GetRows",
                    "apiId": "/providers/Microsoft.PowerApps/apis/shared_msdemo-5fexcelhelper-5f7cf423a2305ebda7"
                  },
                  "parameters": {
                    "siteId": "@first(body('Get_Settings')['value'])?['cat_siteid']",
                    "driveId": "@first(body('Get_Settings')['value'])?['cat_driveid']",
                    "itemId": "@outputs('Get_File_Item_Id')?['body/id']",
                    "sheetName": "@first(body('Get_Settings')['value'])?['cat_excelsheetname']",
                    "address": "@last(split(body('Get_Used_Range')?['address'],'!'))"
                  },
                  "authentication": "@parameters('$authentication')"
                }
              },
              "Chunk_Array": {
                "runAfter": {
                  "Get_Rows": [
                    "Succeeded"
                  ]
                },
                "metadata": {
                  "operationMetadataId": "51dec4c0-82d7-4506-82f2-335894a65b8a"
                },
                "type": "OpenApiConnection",
                "inputs": {
                  "host": {
                    "connectionName": "shared_msdemo-5fexcelhelper-5f7cf423a2305ebda7",
                    "operationId": "ChunkArray",
                    "apiId": "/providers/Microsoft.PowerApps/apis/shared_msdemo-5fexcelhelper-5f7cf423a2305ebda7"
                  },
                  "parameters": {
                    "ChunkSize": "@first(body('Get_Settings')['value'])?['cat_batchsize']",
                    "body": "@skip(body('Get_Rows')?['text'], first(body('Get_Settings')['value'])?['cat_rowoffset'])"
                  },
                  "authentication": "@parameters('$authentication')"
                }
              },
              "Apply_to_each": {
                "foreach": "@body('Chunk_Array')",
                "actions": {
                  "Convert_Data_For_XMultiple": {
                    "runAfter": {},
                    "metadata": {
                      "operationMetadataId": "d6c6f092-3737-48e0-ab09-135f1a2ecc65"
                    },
                    "type": "OpenApiConnection",
                    "inputs": {
                      "host": {
                        "connectionName": "shared_msdemo-5fexcelhelper-5f7cf423a2305ebda7",
                        "operationId": "ConvertDataForXMultiple",
                        "apiId": "/providers/Microsoft.PowerApps/apis/shared_msdemo-5fexcelhelper-5f7cf423a2305ebda7"
                      },
                      "parameters": {
                        "x-Columns": "@first(body('Get_Settings')['value'])?['cat_tablecolumns']",
                        "x-TableName": "@first(body('Get_Settings')['value'])?['cat_tablelogicalname']",
                        "body": "@item()",
                        "x-TrackerColumn": "@{first(body('Get_Settings')['value'])?['cat_parentlookupnav']}@odata.bind",
                        "x-TrackerValue": "cat_demouploads(@{triggerOutputs()?['body/cat_demouploadid']})",
                        "x-AdditionalColumnNames": "cat_customtag, createdonbehalfby@odata.bind",
                        "x-AdditionalColumnValues": "@{triggerOutputs()?['body/cat_customtag']}|systemusers(@{outputs('Update_Status_Ingestion_Start')?['body/_createdby_value']})",
                        "x-ColumnDelimiter": "|",
                        "x-TTL": "@first(body('Get_Settings')['value'])?['cat_ttl']"
                      },
                      "authentication": "@parameters('$authentication')"
                    }
                  },
                  "CreateMultiple": {
                    "runAfter": {
                      "Convert_Data_For_XMultiple": [
                        "Succeeded"
                      ]
                    },
                    "metadata": {
                      "operationMetadataId": "18c07567-e788-4dae-8e4f-bc05548cbb30"
                    },
                    "type": "Http",
                    "inputs": {
                      "method": "POST",
                      "uri": "@{first(body('Get_Settings')['value'])?['cat_orgurl']}api/data/v9.2/@{first(body('Get_Settings')['value'])?['cat_tablesetname']}/Microsoft.Dynamics.CRM.CreateMultiple",
                      "headers": {
                        "Content-Type": "application/json",
                        "Accept": "application/json",
                        "If-None-Match": "null",
                        "OData-MaxVersion": "4.0",
                        "OData-Version": "4.0"
                      },
                      "body": {
                        "Targets": "@body('Convert_Data_For_XMultiple')"
                      },
                      "authentication": {
                        "type": "ActiveDirectoryOAuth",
                        "authority": "https://login.microsoftonline.com",
                        "tenant": "@{first(body('Get_Settings')['value'])?['cat_tenantid']}",
                        "audience": "@{first(body('Get_Settings')['value'])?['cat_orgurl']}",
                        "clientId": "@{first(body('Get_Settings')['value'])?['cat_clientid']}",
                        "secret": "@{first(body('Get_Settings')['value'])?['cat_clientsecret']}"
                      }
                    }
                  },
                  "Set_progress": {
                    "runAfter": {
                      "CreateMultiple": [
                        "Succeeded"
                      ]
                    },
                    "metadata": {
                      "operationMetadataId": "662264a3-4d8a-49ba-bb87-92a101a41a27"
                    },
                    "type": "OpenApiConnection",
                    "inputs": {
                      "host": {
                        "connectionName": "shared_commondataserviceforapps",
                        "operationId": "CreateRecord",
                        "apiId": "/providers/Microsoft.PowerApps/apis/shared_commondataserviceforapps"
                      },
                      "parameters": {
                        "entityName": "cat_demouploadprogresses",
                        "item/partitionid": "@triggerOutputs()?['body/cat_demouploadid']",
                        "item/ttlinseconds": 14400,
                        "item/cat_totalrows": "@length(item())"
                      },
                      "authentication": "@parameters('$authentication')"
                    }
                  }
                },
                "runAfter": {
                  "Update_Status_Ingestion_Start": [
                    "Succeeded"
                  ]
                },
                "metadata": {
                  "operationMetadataId": "cbebc805-07ba-40a3-a43a-af1f6fad02a7"
                },
                "type": "Foreach",
                "runtimeConfiguration": {
                  "concurrency": {
                    "repetitions": 4
                  }
                }
              },
              "Update_Status_Completed": {
                "runAfter": {
                  "Apply_to_each": [
                    "Succeeded"
                  ]
                },
                "metadata": {
                  "operationMetadataId": "132e9979-80df-4fa2-8c5b-8bda9577742d"
                },
                "type": "OpenApiConnection",
                "inputs": {
                  "host": {
                    "connectionName": "shared_commondataserviceforapps",
                    "operationId": "UpdateRecord",
                    "apiId": "/providers/Microsoft.PowerApps/apis/shared_commondataserviceforapps"
                  },
                  "parameters": {
                    "entityName": "cat_demouploads",
                    "recordId": "@triggerOutputs()?['body/cat_demouploadid']",
                    "item/cat_fileid": "@outputs('Create_file')?['body/Id']",
                    "item/cat_ingestionend": "@utcNow()",
                    "item/cat_uploadstatus": "Completed"
                  },
                  "authentication": "@parameters('$authentication')"
                }
              },
              "Update_Status_Ingestion_Start": {
                "runAfter": {
                  "Chunk_Array": [
                    "Succeeded"
                  ]
                },
                "metadata": {
                  "operationMetadataId": "132e9979-80df-4fa2-8c5b-8bda9577742d"
                },
                "type": "OpenApiConnection",
                "inputs": {
                  "host": {
                    "connectionName": "shared_commondataserviceforapps",
                    "operationId": "UpdateRecord",
                    "apiId": "/providers/Microsoft.PowerApps/apis/shared_commondataserviceforapps"
                  },
                  "parameters": {
                    "entityName": "cat_demouploads",
                    "recordId": "@triggerOutputs()?['body/cat_demouploadid']",
                    "item/cat_fileid": "@outputs('Create_file')?['body/Id']",
                    "item/cat_ingestionstart": "@utcNow()",
                    "item/cat_totalrecords": "@sub(div(body('Get_Used_Range')?['cellCount'],body('Get_Used_Range')?['columnCount']), first(body('Get_Settings')?['value'])?['cat_rowoffset'])",
                    "item/cat_uploadstatus": "Inserting records"
                  },
                  "authentication": "@parameters('$authentication')"
                }
              }
            }
          },
          "expression": {
            "equals": [
              "@outputs('Update_Status_Reading')?['body/cat_ingestionmethod']",
              764860000
            ]
          },
          "metadata": {
            "operationMetadataId": "26053ae5-c7b4-44e0-8e93-2ce8dd821293"
          },
          "type": "If",
          "description": "Ingestion Method = SDK?"
        }
      }
    },
    "templateName": ""
  },
  "schemaVersion": "1.0.0.0"
}