{
  "properties": {
    "connectionReferences": {
      "shared_commondataserviceforapps_1": {
        "impersonation": {
          "source": "invoker"
        },
        "runtimeSource": "embedded",
        "connection": {
          "connectionReferenceLogicalName": "cat_DemoUploadDataverse"
        },
        "api": {
          "name": "shared_commondataserviceforapps"
        }
      }
    },
    "definition": {
      "$schema": "https://schema.management.azure.com/providers/Microsoft.Logic/schemas/2016-06-01/workflowdefinition.json#",
      "contentVersion": "1.0.0.0",
      "parameters": {
        "$connections": {
          "defaultValue": {},
          "type": "Object"
        },
        "$authentication": {
          "defaultValue": {},
          "type": "SecureObject"
        }
      },
      "triggers": {
        "When_a_row_is_added,_modified_or_deleted": {
          "metadata": {
            "operationMetadataId": "717b470e-0361-453b-922a-479fe4fcf4b3"
          },
          "type": "OpenApiConnectionWebhook",
          "inputs": {
            "host": {
              "connectionName": "shared_commondataserviceforapps_1",
              "operationId": "SubscribeWebhookTrigger",
              "apiId": "/providers/Microsoft.PowerApps/apis/shared_commondataserviceforapps"
            },
            "parameters": {
              "subscriptionRequest/message": 4,
              "subscriptionRequest/entityname": "cat_demouploadsettings",
              "subscriptionRequest/scope": 4,
              "subscriptionRequest/filteringattributes": "cat_sphost, cat_spsitepath, cat_splibrary",
              "subscriptionRequest/runas": 1
            },
            "authentication": "@parameters('$authentication')"
          }
        }
      },
      "actions": {
        "Get_Site_ID": {
          "runAfter": {},
          "metadata": {
            "operationMetadataId": "90d6753d-e83b-4590-8e37-fa049831e484"
          },
          "type": "Http",
          "inputs": {
            "method": "GET",
            "uri": "https://graph.microsoft.com/v1.0/sites/@{triggerOutputs()?['body/cat_sphost']}:@{triggerOutputs()?['body/cat_spsitepath']}?$select=id",
            "headers": {
              "Accept": "application/json"
            },
            "authentication": {
              "type": "ActiveDirectoryOAuth",
              "authority": "https://login.microsoftonline.com",
              "tenant": "@triggerOutputs()?['body/cat_tenantid']",
              "audience": "https://graph.microsoft.com",
              "clientId": "@triggerOutputs()?['body/cat_clientid']",
              "secret": "@triggerOutputs()?['body/cat_clientsecret']"
            }
          }
        },
        "Get_Drives": {
          "runAfter": {
            "Get_Site_ID": [
              "Succeeded"
            ]
          },
          "metadata": {
            "operationMetadataId": "90d6753d-e83b-4590-8e37-fa049831e484"
          },
          "type": "Http",
          "inputs": {
            "method": "GET",
            "uri": "https://graph.microsoft.com/v1.0/sites/@{body('Get_Site_ID')?['id']}/drives?$filter=driveType eq 'documentLibrary'&$select=id,name",
            "headers": {
              "Accept": "application/json"
            },
            "authentication": {
              "type": "ActiveDirectoryOAuth",
              "authority": "https://login.microsoftonline.com",
              "tenant": "@triggerOutputs()?['body/cat_tenantid']",
              "audience": "https://graph.microsoft.com",
              "clientId": "@triggerOutputs()?['body/cat_clientid']",
              "secret": "@triggerOutputs()?['body/cat_clientsecret']"
            }
          }
        },
        "Get_Drive_ID_by_name": {
          "runAfter": {
            "Get_Drives": [
              "Succeeded"
            ]
          },
          "metadata": {
            "operationMetadataId": "953b1e64-cf11-4d50-885c-28e21a689d02"
          },
          "type": "Query",
          "inputs": {
            "from": "@body('Get_Drives')['value']",
            "where": "@equals(item()['name'], triggerOutputs()?['body/cat_splibrary'])"
          }
        },
        "Update_a_row": {
          "runAfter": {
            "Get_Drive_ID_by_name": [
              "Succeeded"
            ]
          },
          "metadata": {
            "operationMetadataId": "f7246bda-72cc-47d9-899a-b9c2c0d370bf"
          },
          "type": "OpenApiConnection",
          "inputs": {
            "host": {
              "connectionName": "shared_commondataserviceforapps_1",
              "operationId": "UpdateRecord",
              "apiId": "/providers/Microsoft.PowerApps/apis/shared_commondataserviceforapps"
            },
            "parameters": {
              "entityName": "cat_demouploadsettingses",
              "recordId": "@triggerOutputs()?['body/cat_demouploadsettingsid']",
              "item/cat_driveid": "@first(body('Get_Drive_ID_by_name'))['id']",
              "item/cat_siteid": "@body('Get_Site_ID')?['id']"
            },
            "authentication": "@parameters('$authentication')"
          }
        }
      }
    },
    "templateName": ""
  },
  "schemaVersion": "1.0.0.0"
}